id,product_tmpl_id:id,product_uom:id,product_qty,active
scenario.bom_141808,scenario.product_141808,product.product_uom_unit,1,true
scenario.bom_141664,scenario.product_141664,product.product_uom_unit,1,true
scenario.bom_141665,scenario.product_141665,product.product_uom_unit,1,true
scenario.bom_141666,scenario.product_141666,product.product_uom_unit,1,true
scenario.bom_141667,scenario.product_141667,product.product_uom_unit,1,true
scenario.bom_141668,scenario.product_141668,product.product_uom_unit,1,true
scenario.bom_141669,scenario.product_141669,product.product_uom_unit,1,true
scenario.bom_141670,scenario.product_141670,product.product_uom_unit,1,true
scenario.bom_141671,scenario.product_141671,product.product_uom_unit,1,true
scenario.bom_141770,scenario.product_141770,product.product_uom_unit,1,true
scenario.bom_141771,scenario.product_141771,product.product_uom_unit,1,true
scenario.bom_141772,scenario.product_141772,product.product_uom_unit,1,true
scenario.bom_141773,scenario.product_141773,product.product_uom_unit,1,true
scenario.bom_141774,scenario.product_141774,product.product_uom_unit,1,true
scenario.bom_141775,scenario.product_141775,product.product_uom_unit,1,true
scenario.bom_141776,scenario.product_141776,product.product_uom_unit,1,true
scenario.bom_141777,scenario.product_141777,product.product_uom_unit,1,true
scenario.bom_141778,scenario.product_141778,product.product_uom_unit,1,true
scenario.bom_141779,scenario.product_141779,product.product_uom_unit,1,true
scenario.bom_141780,scenario.product_141780,product.product_uom_unit,1,true
scenario.bom_141781,scenario.product_141781,product.product_uom_unit,1,true
scenario.bom_141782,scenario.product_141782,product.product_uom_unit,1,true
scenario.bom_141783,scenario.product_141783,product.product_uom_unit,1,true
scenario.bom_141784,scenario.product_141784,product.product_uom_unit,1,true
scenario.bom_141785,scenario.product_141785,product.product_uom_unit,1,true
scenario.bom_141786,scenario.product_141786,product.product_uom_unit,1,true
scenario.bom_141787,scenario.product_141787,product.product_uom_unit,1,true
scenario.bom_141788,scenario.product_141788,product.product_uom_unit,1,true
scenario.bom_141789,scenario.product_141789,product.product_uom_unit,1,true
scenario.bom_141790,scenario.product_141790,product.product_uom_unit,1,true
scenario.bom_141791,scenario.product_141791,product.product_uom_unit,1,true
scenario.bom_141792,scenario.product_141792,product.product_uom_unit,1,true
scenario.bom_141793,scenario.product_141793,product.product_uom_unit,1,true
scenario.bom_141794,scenario.product_141794,product.product_uom_unit,1,true
scenario.bom_141795,scenario.product_141795,product.product_uom_unit,1,true
scenario.bom_141796,scenario.product_141796,product.product_uom_unit,1,true
scenario.bom_141797,scenario.product_141797,product.product_uom_unit,1,true
scenario.bom_141798,scenario.product_141798,product.product_uom_unit,1,true
scenario.bom_141799,scenario.product_141799,product.product_uom_unit,1,true
scenario.bom_141800,scenario.product_141800,product.product_uom_unit,1,true
scenario.bom_141801,scenario.product_141801,product.product_uom_unit,1,true
scenario.bom_141802,scenario.product_141802,product.product_uom_unit,1,true
scenario.bom_141803,scenario.product_141803,product.product_uom_unit,1,true
scenario.bom_141804,scenario.product_141804,product.product_uom_unit,1,true
scenario.bom_141805,scenario.product_141805,product.product_uom_unit,1,true
scenario.bom_141806,scenario.product_141806,product.product_uom_unit,1,true
scenario.bom_141807,scenario.product_141807,product.product_uom_unit,1,true
scenario.bom_141810,scenario.product_141810,product.product_uom_unit,1,true
scenario.bom_141811,scenario.product_141811,product.product_uom_unit,1,true
scenario.bom_141812,scenario.product_141812,product.product_uom_unit,1,true
scenario.bom_141813,scenario.product_141813,product.product_uom_unit,1,true
scenario.bom_141842,scenario.product_141842,product.product_uom_unit,1,true
scenario.bom_141850,scenario.product_141850,product.product_uom_unit,1,true
scenario.bom_141851,scenario.product_141851,product.product_uom_unit,1,true
scenario.bom_141852,scenario.product_141852,product.product_uom_unit,1,true
scenario.bom_141853,scenario.product_141853,product.product_uom_unit,1,true
scenario.bom_141854,scenario.product_141854,product.product_uom_unit,1,true
scenario.bom_141855,scenario.product_141855,product.product_uom_unit,1,true
scenario.bom_141843,scenario.product_141843,product.product_uom_unit,1,true
scenario.bom_141862,scenario.product_141862,product.product_uom_unit,1,true
scenario.bom_141863,scenario.product_141863,product.product_uom_unit,1,true
scenario.bom_141864,scenario.product_141864,product.product_uom_unit,1,true
scenario.bom_141866,scenario.product_141866,product.product_uom_unit,1,true
scenario.bom_141867,scenario.product_141867,product.product_uom_unit,1,true
scenario.bom_141868,scenario.product_141868,product.product_uom_unit,1,true
scenario.bom_141869,scenario.product_141869,product.product_uom_unit,1,true
scenario.bom_141870,scenario.product_141870,product.product_uom_unit,1,true
scenario.bom_141871,scenario.product_141871,product.product_uom_unit,1,true
scenario.bom_141872,scenario.product_141872,product.product_uom_unit,1,true
scenario.bom_141873,scenario.product_141873,product.product_uom_unit,1,true
scenario.bom_141874,scenario.product_141874,product.product_uom_unit,1,true
scenario.bom_141845,scenario.product_141845,product.product_uom_unit,1,true
scenario.bom_141875,scenario.product_141875,product.product_uom_unit,1,true
scenario.bom_141876,scenario.product_141876,product.product_uom_unit,1,true
scenario.bom_141877,scenario.product_141877,product.product_uom_unit,1,true
scenario.bom_141878,scenario.product_141878,product.product_uom_unit,1,true
scenario.bom_141879,scenario.product_141879,product.product_uom_unit,1,true
scenario.bom_141880,scenario.product_141880,product.product_uom_unit,1,true
scenario.bom_141846,scenario.product_141846,product.product_uom_unit,1,true
scenario.bom_141847,scenario.product_141847,product.product_uom_unit,1,true
scenario.bom_141848,scenario.product_141848,product.product_uom_unit,1,true
scenario.bom_141849,scenario.product_141849,product.product_uom_unit,1,true
scenario.bom_141881,scenario.product_141881,product.product_uom_unit,1,true
scenario.bom_141882,scenario.product_141882,product.product_uom_unit,1,true
scenario.bom_141883,scenario.product_141883,product.product_uom_unit,1,true
scenario.bom_141909,scenario.product_141909,product.product_uom_unit,1,true
scenario.bom_141910,scenario.product_141910,product.product_uom_unit,1,true
scenario.bom_141911,scenario.product_141911,product.product_uom_unit,1,true
scenario.bom_141912,scenario.product_141912,product.product_uom_unit,1,true
scenario.bom_141913,scenario.product_141913,product.product_uom_unit,1,true
scenario.bom_141914,scenario.product_141914,product.product_uom_unit,1,true
scenario.bom_141915,scenario.product_141915,product.product_uom_unit,1,true
scenario.bom_141916,scenario.product_141916,product.product_uom_unit,1,true
scenario.bom_141917,scenario.product_141917,product.product_uom_unit,1,true
scenario.bom_141918,scenario.product_141918,product.product_uom_unit,1,true
scenario.bom_141919,scenario.product_141919,product.product_uom_unit,1,true
scenario.bom_141920,scenario.product_141920,product.product_uom_unit,1,true
scenario.bom_141921,scenario.product_141921,product.product_uom_unit,1,true
scenario.bom_141922,scenario.product_141922,product.product_uom_unit,1,true
scenario.bom_141923,scenario.product_141923,product.product_uom_unit,1,true
scenario.bom_141924,scenario.product_141924,product.product_uom_unit,1,true
scenario.bom_141925,scenario.product_141925,product.product_uom_unit,1,true
scenario.bom_141926,scenario.product_141926,product.product_uom_unit,1,true
scenario.bom_141927,scenario.product_141927,product.product_uom_unit,1,true
scenario.bom_141928,scenario.product_141928,product.product_uom_unit,1,true
scenario.bom_141929,scenario.product_141929,product.product_uom_unit,1,true
scenario.bom_141901,scenario.product_141901,product.product_uom_unit,1,true
scenario.bom_141962,scenario.product_141962,product.product_uom_unit,1,true
scenario.bom_141963,scenario.product_141963,product.product_uom_unit,1,true
scenario.bom_141964,scenario.product_141964,product.product_uom_unit,1,true
scenario.bom_141965,scenario.product_141965,product.product_uom_unit,1,true
scenario.bom_141966,scenario.product_141966,product.product_uom_unit,1,true
scenario.bom_141902,scenario.product_141902,product.product_uom_unit,1,true
scenario.bom_141967,scenario.product_141967,product.product_uom_unit,1,true
scenario.bom_141968,scenario.product_141968,product.product_uom_unit,1,true
scenario.bom_141970,scenario.product_141970,product.product_uom_unit,1,true
scenario.bom_141971,scenario.product_141971,product.product_uom_unit,1,true
scenario.bom_141972,scenario.product_141972,product.product_uom_unit,1,true
scenario.bom_141903,scenario.product_141903,product.product_uom_unit,1,true
scenario.bom_141973,scenario.product_141973,product.product_uom_unit,1,true
scenario.bom_141974,scenario.product_141974,product.product_uom_unit,1,true
scenario.bom_141975,scenario.product_141975,product.product_uom_unit,1,true
scenario.bom_141976,scenario.product_141976,product.product_uom_unit,1,true
scenario.bom_141904,scenario.product_141904,product.product_uom_unit,1,true
scenario.bom_141905,scenario.product_141905,product.product_uom_unit,1,true
scenario.bom_141906,scenario.product_141906,product.product_uom_unit,1,true
scenario.bom_141907,scenario.product_141907,product.product_uom_unit,1,true
scenario.bom_141908,scenario.product_141908,product.product_uom_unit,1,true
scenario.bom_141944,scenario.product_141944,product.product_uom_unit,1,true
scenario.bom_141945,scenario.product_141945,product.product_uom_unit,1,true
scenario.bom_141946,scenario.product_141946,product.product_uom_unit,1,true
scenario.bom_141947,scenario.product_141947,product.product_uom_unit,1,true
scenario.bom_141948,scenario.product_141948,product.product_uom_unit,1,true
scenario.bom_141949,scenario.product_141949,product.product_uom_unit,1,true
scenario.bom_141930,scenario.product_141930,product.product_uom_unit,1,true
scenario.bom_141931,scenario.product_141931,product.product_uom_unit,1,true
scenario.bom_141932,scenario.product_141932,product.product_uom_unit,1,true
scenario.bom_141933,scenario.product_141933,product.product_uom_unit,1,true
scenario.bom_141934,scenario.product_141934,product.product_uom_unit,1,true
scenario.bom_141935,scenario.product_141935,product.product_uom_unit,1,true
scenario.bom_141936,scenario.product_141936,product.product_uom_unit,1,true
scenario.bom_141937,scenario.product_141937,product.product_uom_unit,1,true
scenario.bom_141938,scenario.product_141938,product.product_uom_unit,1,true
scenario.bom_141939,scenario.product_141939,product.product_uom_unit,1,true
scenario.bom_141940,scenario.product_141940,product.product_uom_unit,1,true
scenario.bom_141941,scenario.product_141941,product.product_uom_unit,1,true
scenario.bom_141942,scenario.product_141942,product.product_uom_unit,1,true
scenario.bom_141943,scenario.product_141943,product.product_uom_unit,1,true
scenario.bom_141950,scenario.product_141950,product.product_uom_unit,1,true
scenario.bom_141951,scenario.product_141951,product.product_uom_unit,1,true
scenario.bom_141952,scenario.product_141952,product.product_uom_unit,1,true
scenario.bom_141953,scenario.product_141953,product.product_uom_unit,1,true
scenario.bom_141954,scenario.product_141954,product.product_uom_unit,1,true
scenario.bom_141955,scenario.product_141955,product.product_uom_unit,1,true
scenario.bom_141956,scenario.product_141956,product.product_uom_unit,1,true
scenario.bom_141957,scenario.product_141957,product.product_uom_unit,1,true
scenario.bom_141958,scenario.product_141958,product.product_uom_unit,1,true
scenario.bom_141959,scenario.product_141959,product.product_uom_unit,1,true
scenario.bom_141960,scenario.product_141960,product.product_uom_unit,1,true
scenario.bom_142107,scenario.product_142107,product.product_uom_unit,1,true
scenario.bom_142116,scenario.product_142116,product.product_uom_unit,1,true
scenario.bom_142122,scenario.product_142122,product.product_uom_unit,1,true
scenario.bom_142126,scenario.product_142126,product.product_uom_unit,1,true
scenario.bom_141640,scenario.product_141640,product.product_uom_unit,1,true
scenario.bom_142108,scenario.product_142108,product.product_uom_unit,1,true
scenario.bom_142109,scenario.product_142109,product.product_uom_unit,1,true
scenario.bom_141291,scenario.product_141291,product.product_uom_unit,1,true
scenario.bom_141293,scenario.product_141293,product.product_uom_unit,1,true
scenario.bom_141295,scenario.product_141295,product.product_uom_unit,1,true
scenario.bom_141297,scenario.product_141297,product.product_uom_unit,1,true
scenario.bom_141299,scenario.product_141299,product.product_uom_unit,1,true
scenario.bom_141301,scenario.product_141301,product.product_uom_unit,1,true
scenario.bom_141303,scenario.product_141303,product.product_uom_unit,1,true
scenario.bom_141305,scenario.product_141305,product.product_uom_unit,1,true
scenario.bom_141292,scenario.product_141292,product.product_uom_unit,1,true
scenario.bom_141294,scenario.product_141294,product.product_uom_unit,1,true
scenario.bom_141296,scenario.product_141296,product.product_uom_unit,1,true
scenario.bom_141298,scenario.product_141298,product.product_uom_unit,1,true
scenario.bom_141300,scenario.product_141300,product.product_uom_unit,1,true
scenario.bom_141302,scenario.product_141302,product.product_uom_unit,1,true
scenario.bom_141304,scenario.product_141304,product.product_uom_unit,1,true
scenario.bom_141306,scenario.product_141306,product.product_uom_unit,1,true
scenario.bom_141122,scenario.product_141122,product.product_uom_unit,1,true
scenario.bom_141123,scenario.product_141123,product.product_uom_unit,1,true
scenario.bom_141216,scenario.product_141216,product.product_uom_unit,1,true
scenario.bom_141218,scenario.product_141218,product.product_uom_unit,1,true
scenario.bom_141124,scenario.product_141124,product.product_uom_unit,1,true
scenario.bom_141120,scenario.product_141120,product.product_uom_unit,1,true
scenario.bom_141125,scenario.product_141125,product.product_uom_unit,1,true
scenario.bom_141217,scenario.product_141217,product.product_uom_unit,1,true
scenario.bom_141219,scenario.product_141219,product.product_uom_unit,1,true
scenario.bom_141126,scenario.product_141126,product.product_uom_unit,1,true
scenario.bom_141121,scenario.product_141121,product.product_uom_unit,1,true
scenario.bom_141127,scenario.product_141127,product.product_uom_unit,1,true
scenario.bom_141215,scenario.product_141215,product.product_uom_unit,1,true
scenario.bom_141220,scenario.product_141220,product.product_uom_unit,1,true
scenario.bom_141164,scenario.product_141164,product.product_uom_unit,1,true
scenario.bom_141165,scenario.product_141165,product.product_uom_unit,1,true
scenario.bom_141166,scenario.product_141166,product.product_uom_unit,1,true
scenario.bom_141167,scenario.product_141167,product.product_uom_unit,1,true
scenario.bom_141151,scenario.product_141151,product.product_uom_unit,1,true
scenario.bom_141148,scenario.product_141148,product.product_uom_unit,1,true
scenario.bom_141149,scenario.product_141149,product.product_uom_unit,1,true
scenario.bom_141150,scenario.product_141150,product.product_uom_unit,1,true
scenario.bom_141142,scenario.product_141142,product.product_uom_unit,1,true
scenario.bom_141103,scenario.product_141103,product.product_uom_unit,1,true
scenario.bom_141143,scenario.product_141143,product.product_uom_unit,1,true
scenario.bom_141144,scenario.product_141144,product.product_uom_unit,1,true
scenario.bom_141168,scenario.product_141168,product.product_uom_unit,1,true
scenario.bom_141169,scenario.product_141169,product.product_uom_unit,1,true
scenario.bom_141170,scenario.product_141170,product.product_uom_unit,1,true
scenario.bom_141171,scenario.product_141171,product.product_uom_unit,1,true
scenario.bom_141156,scenario.product_141156,product.product_uom_unit,1,true
scenario.bom_141157,scenario.product_141157,product.product_uom_unit,1,true
scenario.bom_141158,scenario.product_141158,product.product_uom_unit,1,true
scenario.bom_141159,scenario.product_141159,product.product_uom_unit,1,true
scenario.bom_141184,scenario.product_141184,product.product_uom_unit,1,true
scenario.bom_141185,scenario.product_141185,product.product_uom_unit,1,true
scenario.bom_141186,scenario.product_141186,product.product_uom_unit,1,true
scenario.bom_141187,scenario.product_141187,product.product_uom_unit,1,true
scenario.bom_141176,scenario.product_141176,product.product_uom_unit,1,true
scenario.bom_141177,scenario.product_141177,product.product_uom_unit,1,true
scenario.bom_141178,scenario.product_141178,product.product_uom_unit,1,true
scenario.bom_141179,scenario.product_141179,product.product_uom_unit,1,true
scenario.bom_141152,scenario.product_141152,product.product_uom_unit,1,true
scenario.bom_141153,scenario.product_141153,product.product_uom_unit,1,true
scenario.bom_141154,scenario.product_141154,product.product_uom_unit,1,true
scenario.bom_141155,scenario.product_141155,product.product_uom_unit,1,true
scenario.bom_141145,scenario.product_141145,product.product_uom_unit,1,true
scenario.bom_141129,scenario.product_141129,product.product_uom_unit,1,true
scenario.bom_141146,scenario.product_141146,product.product_uom_unit,1,true
scenario.bom_141147,scenario.product_141147,product.product_uom_unit,1,true
scenario.bom_141172,scenario.product_141172,product.product_uom_unit,1,true
scenario.bom_141173,scenario.product_141173,product.product_uom_unit,1,true
scenario.bom_141174,scenario.product_141174,product.product_uom_unit,1,true
scenario.bom_141175,scenario.product_141175,product.product_uom_unit,1,true
scenario.bom_141160,scenario.product_141160,product.product_uom_unit,1,true
scenario.bom_141161,scenario.product_141161,product.product_uom_unit,1,true
scenario.bom_141162,scenario.product_141162,product.product_uom_unit,1,true
scenario.bom_141163,scenario.product_141163,product.product_uom_unit,1,true
scenario.bom_141188,scenario.product_141188,product.product_uom_unit,1,true
scenario.bom_141189,scenario.product_141189,product.product_uom_unit,1,true
scenario.bom_141190,scenario.product_141190,product.product_uom_unit,1,true
scenario.bom_141191,scenario.product_141191,product.product_uom_unit,1,true
scenario.bom_141180,scenario.product_141180,product.product_uom_unit,1,true
scenario.bom_141181,scenario.product_141181,product.product_uom_unit,1,true
scenario.bom_141182,scenario.product_141182,product.product_uom_unit,1,true
scenario.bom_141183,scenario.product_141183,product.product_uom_unit,1,true
scenario.bom_141316,scenario.product_141316,product.product_uom_unit,1,true
scenario.bom_141388,scenario.product_141388,product.product_uom_unit,1,true
scenario.bom_141396,scenario.product_141396,product.product_uom_unit,1,true
scenario.bom_141411,scenario.product_141411,product.product_uom_unit,1,true
scenario.bom_141416,scenario.product_141416,product.product_uom_unit,1,true
scenario.bom_141417,scenario.product_141417,product.product_uom_unit,1,true
scenario.bom_141418,scenario.product_141418,product.product_uom_unit,1,true
scenario.bom_141440,scenario.product_141440,product.product_uom_unit,1,true
scenario.bom_141441,scenario.product_141441,product.product_uom_unit,1,true
scenario.bom_141442,scenario.product_141442,product.product_uom_unit,1,true
scenario.bom_141399,scenario.product_141399,product.product_uom_unit,1,true
scenario.bom_141381,scenario.product_141381,product.product_uom_unit,1,true
scenario.bom_141563,scenario.product_141563,product.product_uom_unit,1,true
scenario.bom_141564,scenario.product_141564,product.product_uom_unit,1,true
scenario.bom_141815,scenario.product_141815,product.product_uom_unit,1,true
scenario.bom_141816,scenario.product_141816,product.product_uom_unit,1,true
scenario.bom_141817,scenario.product_141817,product.product_uom_unit,1,true
scenario.bom_141818,scenario.product_141818,product.product_uom_unit,1,true
scenario.bom_141820,scenario.product_141820,product.product_uom_unit,1,true
scenario.bom_141821,scenario.product_141821,product.product_uom_unit,1,true
scenario.bom_141822,scenario.product_141822,product.product_uom_unit,1,true
scenario.bom_141823,scenario.product_141823,product.product_uom_unit,1,true
scenario.bom_141825,scenario.product_141825,product.product_uom_unit,1,true
scenario.bom_141826,scenario.product_141826,product.product_uom_unit,1,true
scenario.bom_141827,scenario.product_141827,product.product_uom_unit,1,true
scenario.bom_141828,scenario.product_141828,product.product_uom_unit,1,true
scenario.bom_141830,scenario.product_141830,product.product_uom_unit,1,true
scenario.bom_141831,scenario.product_141831,product.product_uom_unit,1,true
scenario.bom_141832,scenario.product_141832,product.product_uom_unit,1,true
scenario.bom_141833,scenario.product_141833,product.product_uom_unit,1,true
scenario.bom_141835,scenario.product_141835,product.product_uom_unit,1,true
scenario.bom_141836,scenario.product_141836,product.product_uom_unit,1,true
scenario.bom_141837,scenario.product_141837,product.product_uom_unit,1,true
scenario.bom_141838,scenario.product_141838,product.product_uom_unit,1,true
scenario.bom_141856,scenario.product_141856,product.product_uom_unit,1,true
scenario.bom_141857,scenario.product_141857,product.product_uom_unit,1,true
scenario.bom_141858,scenario.product_141858,product.product_uom_unit,1,true
scenario.bom_141859,scenario.product_141859,product.product_uom_unit,1,true
scenario.bom_141860,scenario.product_141860,product.product_uom_unit,1,true
scenario.bom_141861,scenario.product_141861,product.product_uom_unit,1,true
scenario.bom_141865,scenario.product_141865,product.product_uom_unit,1,true
scenario.bom_141884,scenario.product_141884,product.product_uom_unit,1,true
scenario.bom_141885,scenario.product_141885,product.product_uom_unit,1,true
scenario.bom_141886,scenario.product_141886,product.product_uom_unit,1,true
scenario.bom_141887,scenario.product_141887,product.product_uom_unit,1,true
scenario.bom_141888,scenario.product_141888,product.product_uom_unit,1,true
scenario.bom_141840,scenario.product_141840,product.product_uom_unit,1,true
scenario.bom_141889,scenario.product_141889,product.product_uom_unit,1,true
scenario.bom_141890,scenario.product_141890,product.product_uom_unit,1,true
scenario.bom_141891,scenario.product_141891,product.product_uom_unit,1,true
scenario.bom_141892,scenario.product_141892,product.product_uom_unit,1,true
scenario.bom_141893,scenario.product_141893,product.product_uom_unit,1,true
scenario.bom_141894,scenario.product_141894,product.product_uom_unit,1,true
scenario.bom_141841,scenario.product_141841,product.product_uom_unit,1,true
scenario.bom_141895,scenario.product_141895,product.product_uom_unit,1,true
scenario.bom_141896,scenario.product_141896,product.product_uom_unit,1,true
scenario.bom_141897,scenario.product_141897,product.product_uom_unit,1,true
scenario.bom_141898,scenario.product_141898,product.product_uom_unit,1,true
scenario.bom_141899,scenario.product_141899,product.product_uom_unit,1,true
scenario.bom_141900,scenario.product_141900,product.product_uom_unit,1,true
scenario.bom_142110,scenario.product_142110,product.product_uom_unit,1,true
scenario.bom_142118,scenario.product_142118,product.product_uom_unit,1,true
scenario.bom_142124,scenario.product_142124,product.product_uom_unit,1,true
scenario.bom_142127,scenario.product_142127,product.product_uom_unit,1,true
scenario.bom_142135,scenario.product_142135,product.product_uom_unit,1,true
scenario.bom_142136,scenario.product_142136,product.product_uom_unit,1,true
scenario.bom_142137,scenario.product_142137,product.product_uom_unit,1,true
scenario.bom_142138,scenario.product_142138,product.product_uom_unit,1,true
scenario.bom_142139,scenario.product_142139,product.product_uom_unit,1,true
scenario.bom_142140,scenario.product_142140,product.product_uom_unit,1,true
scenario.bom_142141,scenario.product_142141,product.product_uom_unit,1,true
scenario.bom_142142,scenario.product_142142,product.product_uom_unit,1,true
scenario.bom_142098,scenario.product_142098,product.product_uom_unit,1,true
scenario.bom_142099,scenario.product_142099,product.product_uom_unit,1,true
scenario.bom_142100,scenario.product_142100,product.product_uom_unit,1,true
scenario.bom_142101,scenario.product_142101,product.product_uom_unit,1,true
scenario.bom_142102,scenario.product_142102,product.product_uom_unit,1,true
scenario.bom_142103,scenario.product_142103,product.product_uom_unit,1,true
scenario.bom_142104,scenario.product_142104,product.product_uom_unit,1,true
scenario.bom_142105,scenario.product_142105,product.product_uom_unit,1,true
scenario.bom_142143,scenario.product_142143,product.product_uom_unit,1,true
scenario.bom_142144,scenario.product_142144,product.product_uom_unit,1,true
scenario.bom_142145,scenario.product_142145,product.product_uom_unit,1,true
scenario.bom_142146,scenario.product_142146,product.product_uom_unit,1,true
scenario.bom_142147,scenario.product_142147,product.product_uom_unit,1,true
scenario.bom_142148,scenario.product_142148,product.product_uom_unit,1,true
scenario.bom_142149,scenario.product_142149,product.product_uom_unit,1,true
scenario.bom_142150,scenario.product_142150,product.product_uom_unit,1,true
scenario.bom_142151,scenario.product_142151,product.product_uom_unit,1,true
scenario.bom_142152,scenario.product_142152,product.product_uom_unit,1,true
scenario.bom_142153,scenario.product_142153,product.product_uom_unit,1,true
scenario.bom_142154,scenario.product_142154,product.product_uom_unit,1,true
scenario.bom_142155,scenario.product_142155,product.product_uom_unit,1,true
scenario.bom_142156,scenario.product_142156,product.product_uom_unit,1,true
scenario.bom_142157,scenario.product_142157,product.product_uom_unit,1,true
scenario.bom_142158,scenario.product_142158,product.product_uom_unit,1,true
scenario.bom_142159,scenario.product_142159,product.product_uom_unit,1,true
scenario.bom_142160,scenario.product_142160,product.product_uom_unit,1,true
scenario.bom_142161,scenario.product_142161,product.product_uom_unit,1,true
scenario.bom_142162,scenario.product_142162,product.product_uom_unit,1,true
scenario.bom_142163,scenario.product_142163,product.product_uom_unit,1,true
scenario.bom_142164,scenario.product_142164,product.product_uom_unit,1,true
scenario.bom_142165,scenario.product_142165,product.product_uom_unit,1,true
scenario.bom_142166,scenario.product_142166,product.product_uom_unit,1,true
scenario.bom_142167,scenario.product_142167,product.product_uom_unit,1,true
scenario.bom_142168,scenario.product_142168,product.product_uom_unit,1,true
scenario.bom_142169,scenario.product_142169,product.product_uom_unit,1,true
scenario.bom_142170,scenario.product_142170,product.product_uom_unit,1,true
scenario.bom_142171,scenario.product_142171,product.product_uom_unit,1,true
scenario.bom_142172,scenario.product_142172,product.product_uom_unit,1,true
scenario.bom_142173,scenario.product_142173,product.product_uom_unit,1,true
scenario.bom_142174,scenario.product_142174,product.product_uom_unit,1,true
scenario.bom_142106,scenario.product_142106,product.product_uom_unit,1,true
scenario.bom_142114,scenario.product_142114,product.product_uom_unit,1,true
scenario.bom_142115,scenario.product_142115,product.product_uom_unit,1,true
scenario.bom_142117,scenario.product_142117,product.product_uom_unit,1,true
scenario.bom_142119,scenario.product_142119,product.product_uom_unit,1,true
scenario.bom_142120,scenario.product_142120,product.product_uom_unit,1,true
scenario.bom_142121,scenario.product_142121,product.product_uom_unit,1,true
scenario.bom_142123,scenario.product_142123,product.product_uom_unit,1,true
scenario.bom_142125,scenario.product_142125,product.product_uom_unit,1,true
scenario.bom_142128,scenario.product_142128,product.product_uom_unit,1,true
scenario.bom_142129,scenario.product_142129,product.product_uom_unit,1,true
scenario.bom_142130,scenario.product_142130,product.product_uom_unit,1,true
scenario.bom_142131,scenario.product_142131,product.product_uom_unit,1,true
scenario.bom_142132,scenario.product_142132,product.product_uom_unit,1,true
scenario.bom_142133,scenario.product_142133,product.product_uom_unit,1,true
scenario.bom_142134,scenario.product_142134,product.product_uom_unit,1,true
scenario.bom_142175,scenario.product_142175,product.product_uom_unit,1,true
scenario.bom_142176,scenario.product_142176,product.product_uom_unit,1,true
scenario.bom_142177,scenario.product_142177,product.product_uom_unit,1,true
scenario.bom_142178,scenario.product_142178,product.product_uom_unit,1,true
scenario.bom_142179,scenario.product_142179,product.product_uom_unit,1,true
scenario.bom_142180,scenario.product_142180,product.product_uom_unit,1,true
scenario.bom_142181,scenario.product_142181,product.product_uom_unit,1,true
scenario.bom_142182,scenario.product_142182,product.product_uom_unit,1,true
scenario.bom_142183,scenario.product_142183,product.product_uom_unit,1,true
scenario.bom_142184,scenario.product_142184,product.product_uom_unit,1,true
scenario.bom_142185,scenario.product_142185,product.product_uom_unit,1,true
scenario.bom_142186,scenario.product_142186,product.product_uom_unit,1,true
scenario.bom_142187,scenario.product_142187,product.product_uom_unit,1,true
scenario.bom_142188,scenario.product_142188,product.product_uom_unit,1,true
scenario.bom_142189,scenario.product_142189,product.product_uom_unit,1,true
scenario.bom_142190,scenario.product_142190,product.product_uom_unit,1,true
scenario.bom_142191,scenario.product_142191,product.product_uom_unit,1,true
scenario.bom_142192,scenario.product_142192,product.product_uom_unit,1,true
scenario.bom_142193,scenario.product_142193,product.product_uom_unit,1,true
scenario.bom_142194,scenario.product_142194,product.product_uom_unit,1,true
scenario.bom_142195,scenario.product_142195,product.product_uom_unit,1,true
scenario.bom_142196,scenario.product_142196,product.product_uom_unit,1,true
scenario.bom_142197,scenario.product_142197,product.product_uom_unit,1,true
scenario.bom_142198,scenario.product_142198,product.product_uom_unit,1,true
scenario.bom_142199,scenario.product_142199,product.product_uom_unit,1,true
scenario.bom_142200,scenario.product_142200,product.product_uom_unit,1,true
scenario.bom_142201,scenario.product_142201,product.product_uom_unit,1,true
scenario.bom_142202,scenario.product_142202,product.product_uom_unit,1,true
scenario.bom_142203,scenario.product_142203,product.product_uom_unit,1,true
scenario.bom_142204,scenario.product_142204,product.product_uom_unit,1,true
scenario.bom_142205,scenario.product_142205,product.product_uom_unit,1,true
scenario.bom_142206,scenario.product_142206,product.product_uom_unit,1,true
scenario.bom_142207,scenario.product_142207,product.product_uom_unit,1,true
scenario.bom_142208,scenario.product_142208,product.product_uom_unit,1,true
scenario.bom_142209,scenario.product_142209,product.product_uom_unit,1,true
scenario.bom_142210,scenario.product_142210,product.product_uom_unit,1,true
scenario.bom_142211,scenario.product_142211,product.product_uom_unit,1,true
scenario.bom_142212,scenario.product_142212,product.product_uom_unit,1,true
scenario.bom_142213,scenario.product_142213,product.product_uom_unit,1,true
scenario.bom_142214,scenario.product_142214,product.product_uom_unit,1,true
scenario.bom_142215,scenario.product_142215,product.product_uom_unit,1,true
scenario.bom_142216,scenario.product_142216,product.product_uom_unit,1,true
scenario.bom_142217,scenario.product_142217,product.product_uom_unit,1,true
scenario.bom_142337,scenario.product_142337,product.product_uom_unit,1,true
scenario.bom_142357,scenario.product_142357,product.product_uom_unit,1,true
scenario.bom_142387,scenario.product_142387,product.product_uom_unit,1,true
scenario.bom_142390,scenario.product_142390,product.product_uom_unit,1,true
scenario.bom_142717,scenario.product_142717,product.product_uom_unit,1,true
scenario.bom_142636,scenario.product_142636,product.product_uom_unit,1,true
scenario.bom_142637,scenario.product_142637,product.product_uom_unit,1,true
scenario.bom_142644,scenario.product_142644,product.product_uom_unit,1,true
scenario.bom_142646,scenario.product_142646,product.product_uom_unit,1,true
scenario.bom_142506,scenario.product_142506,product.product_uom_unit,1,true
scenario.bom_142507,scenario.product_142507,product.product_uom_unit,1,true
scenario.bom_142500,scenario.product_142500,product.product_uom_unit,1,true
scenario.bom_142493,scenario.product_142493,product.product_uom_unit,1,true
scenario.bom_142494,scenario.product_142494,product.product_uom_unit,1,true
scenario.bom_142504,scenario.product_142504,product.product_uom_unit,1,true
scenario.bom_142505,scenario.product_142505,product.product_uom_unit,1,true
scenario.bom_142111,scenario.product_142111,product.product_uom_unit,1,true
scenario.bom_142112,scenario.product_142112,product.product_uom_unit,1,true
scenario.bom_142113,scenario.product_142113,product.product_uom_unit,1,true
scenario.bom_142531,scenario.product_142531,product.product_uom_unit,1,true
scenario.bom_142532,scenario.product_142532,product.product_uom_unit,1,true
scenario.bom_142037,scenario.product_142037,product.product_uom_unit,1,true
scenario.bom_142381,scenario.product_142381,product.product_uom_unit,1,true
scenario.bom_151718,scenario.product_151718,product.product_uom_unit,1,true
scenario.bom_151719,scenario.product_151719,product.product_uom_unit,1,true
scenario.bom_151720,scenario.product_151720,product.product_uom_unit,1,true
scenario.bom_151721,scenario.product_151721,product.product_uom_unit,1,true
scenario.bom_151722,scenario.product_151722,product.product_uom_unit,1,true
scenario.bom_151723,scenario.product_151723,product.product_uom_unit,1,true
scenario.bom_151724,scenario.product_151724,product.product_uom_unit,1,true
scenario.bom_142593,scenario.product_142593,product.product_uom_unit,1,true
scenario.bom_142427,scenario.product_142427,product.product_uom_unit,1,true
scenario.bom_142428,scenario.product_142428,product.product_uom_unit,1,true
scenario.bom_142416,scenario.product_142416,product.product_uom_unit,1,true
scenario.bom_142418,scenario.product_142418,product.product_uom_unit,1,true
scenario.bom_142430,scenario.product_142430,product.product_uom_unit,1,true
scenario.bom_142604,scenario.product_142604,product.product_uom_unit,1,true
scenario.bom_142605,scenario.product_142605,product.product_uom_unit,1,true
scenario.bom_142606,scenario.product_142606,product.product_uom_unit,1,true
scenario.bom_142607,scenario.product_142607,product.product_uom_unit,1,true
scenario.bom_142608,scenario.product_142608,product.product_uom_unit,1,true
scenario.bom_142609,scenario.product_142609,product.product_uom_unit,1,true
scenario.bom_142632,scenario.product_142632,product.product_uom_unit,1,true
scenario.bom_142633,scenario.product_142633,product.product_uom_unit,1,true
scenario.bom_142718,scenario.product_142718,product.product_uom_unit,1,true
scenario.bom_142645,scenario.product_142645,product.product_uom_unit,1,true
scenario.bom_142662,scenario.product_142662,product.product_uom_unit,1,true
scenario.bom_142663,scenario.product_142663,product.product_uom_unit,1,true
scenario.bom_142664,scenario.product_142664,product.product_uom_unit,1,true
scenario.bom_142665,scenario.product_142665,product.product_uom_unit,1,true
scenario.bom_142666,scenario.product_142666,product.product_uom_unit,1,true
scenario.bom_142679,scenario.product_142679,product.product_uom_unit,1,true
scenario.bom_142499,scenario.product_142499,product.product_uom_unit,1,true
scenario.bom_142529,scenario.product_142529,product.product_uom_unit,1,true
scenario.bom_151488,scenario.product_151488,product.product_uom_unit,1,true
scenario.bom_151489,scenario.product_151489,product.product_uom_unit,1,true
scenario.bom_151490,scenario.product_151490,product.product_uom_unit,1,true
scenario.bom_151491,scenario.product_151491,product.product_uom_unit,1,true
scenario.bom_151492,scenario.product_151492,product.product_uom_unit,1,true
scenario.bom_151493,scenario.product_151493,product.product_uom_unit,1,true
scenario.bom_151494,scenario.product_151494,product.product_uom_unit,1,true
scenario.bom_151495,scenario.product_151495,product.product_uom_unit,1,true
scenario.bom_151496,scenario.product_151496,product.product_uom_unit,1,true
scenario.bom_151497,scenario.product_151497,product.product_uom_unit,1,true
scenario.bom_151498,scenario.product_151498,product.product_uom_unit,1,true
scenario.bom_151499,scenario.product_151499,product.product_uom_unit,1,true
scenario.bom_151500,scenario.product_151500,product.product_uom_unit,1,true
scenario.bom_151501,scenario.product_151501,product.product_uom_unit,1,true
scenario.bom_151502,scenario.product_151502,product.product_uom_unit,1,true
scenario.bom_151503,scenario.product_151503,product.product_uom_unit,1,true
scenario.bom_151504,scenario.product_151504,product.product_uom_unit,1,true
scenario.bom_151505,scenario.product_151505,product.product_uom_unit,1,true
scenario.bom_151506,scenario.product_151506,product.product_uom_unit,1,true
scenario.bom_151507,scenario.product_151507,product.product_uom_unit,1,true
scenario.bom_151508,scenario.product_151508,product.product_uom_unit,1,true
scenario.bom_151509,scenario.product_151509,product.product_uom_unit,1,true
scenario.bom_151510,scenario.product_151510,product.product_uom_unit,1,true
scenario.bom_151511,scenario.product_151511,product.product_uom_unit,1,true
scenario.bom_151512,scenario.product_151512,product.product_uom_unit,1,true
scenario.bom_151513,scenario.product_151513,product.product_uom_unit,1,true
scenario.bom_151514,scenario.product_151514,product.product_uom_unit,1,true
scenario.bom_151515,scenario.product_151515,product.product_uom_unit,1,true
scenario.bom_151516,scenario.product_151516,product.product_uom_unit,1,true
scenario.bom_151517,scenario.product_151517,product.product_uom_unit,1,true
scenario.bom_151518,scenario.product_151518,product.product_uom_unit,1,true
scenario.bom_151519,scenario.product_151519,product.product_uom_unit,1,true
scenario.bom_151520,scenario.product_151520,product.product_uom_unit,1,true
scenario.bom_151521,scenario.product_151521,product.product_uom_unit,1,true
scenario.bom_151522,scenario.product_151522,product.product_uom_unit,1,true
scenario.bom_151523,scenario.product_151523,product.product_uom_unit,1,true
scenario.bom_151524,scenario.product_151524,product.product_uom_unit,1,true
scenario.bom_151525,scenario.product_151525,product.product_uom_unit,1,true
scenario.bom_151526,scenario.product_151526,product.product_uom_unit,1,true
scenario.bom_151527,scenario.product_151527,product.product_uom_unit,1,true
scenario.bom_151528,scenario.product_151528,product.product_uom_unit,1,true
scenario.bom_151529,scenario.product_151529,product.product_uom_unit,1,true
scenario.bom_151446,scenario.product_151446,product.product_uom_unit,1,true
scenario.bom_151447,scenario.product_151447,product.product_uom_unit,1,true
scenario.bom_151448,scenario.product_151448,product.product_uom_unit,1,true
scenario.bom_151449,scenario.product_151449,product.product_uom_unit,1,true
scenario.bom_151450,scenario.product_151450,product.product_uom_unit,1,true
scenario.bom_151451,scenario.product_151451,product.product_uom_unit,1,true
scenario.bom_151452,scenario.product_151452,product.product_uom_unit,1,true
scenario.bom_151453,scenario.product_151453,product.product_uom_unit,1,true
scenario.bom_151454,scenario.product_151454,product.product_uom_unit,1,true
scenario.bom_151455,scenario.product_151455,product.product_uom_unit,1,true
scenario.bom_151456,scenario.product_151456,product.product_uom_unit,1,true
scenario.bom_151457,scenario.product_151457,product.product_uom_unit,1,true
scenario.bom_151458,scenario.product_151458,product.product_uom_unit,1,true
scenario.bom_151459,scenario.product_151459,product.product_uom_unit,1,true
scenario.bom_151460,scenario.product_151460,product.product_uom_unit,1,true
scenario.bom_151461,scenario.product_151461,product.product_uom_unit,1,true
scenario.bom_151462,scenario.product_151462,product.product_uom_unit,1,true
scenario.bom_151463,scenario.product_151463,product.product_uom_unit,1,true
scenario.bom_151464,scenario.product_151464,product.product_uom_unit,1,true
scenario.bom_151465,scenario.product_151465,product.product_uom_unit,1,true
scenario.bom_151466,scenario.product_151466,product.product_uom_unit,1,true
scenario.bom_151467,scenario.product_151467,product.product_uom_unit,1,true
scenario.bom_151468,scenario.product_151468,product.product_uom_unit,1,true
scenario.bom_151469,scenario.product_151469,product.product_uom_unit,1,true
scenario.bom_151470,scenario.product_151470,product.product_uom_unit,1,true
scenario.bom_151471,scenario.product_151471,product.product_uom_unit,1,true
scenario.bom_151472,scenario.product_151472,product.product_uom_unit,1,true
scenario.bom_151473,scenario.product_151473,product.product_uom_unit,1,true
scenario.bom_151474,scenario.product_151474,product.product_uom_unit,1,true
scenario.bom_151475,scenario.product_151475,product.product_uom_unit,1,true
scenario.bom_151476,scenario.product_151476,product.product_uom_unit,1,true
scenario.bom_151477,scenario.product_151477,product.product_uom_unit,1,true
scenario.bom_151478,scenario.product_151478,product.product_uom_unit,1,true
scenario.bom_151479,scenario.product_151479,product.product_uom_unit,1,true
scenario.bom_151480,scenario.product_151480,product.product_uom_unit,1,true
scenario.bom_151481,scenario.product_151481,product.product_uom_unit,1,true
scenario.bom_151482,scenario.product_151482,product.product_uom_unit,1,true
scenario.bom_151483,scenario.product_151483,product.product_uom_unit,1,true
scenario.bom_151484,scenario.product_151484,product.product_uom_unit,1,true
scenario.bom_151485,scenario.product_151485,product.product_uom_unit,1,true
scenario.bom_151486,scenario.product_151486,product.product_uom_unit,1,true
scenario.bom_151487,scenario.product_151487,product.product_uom_unit,1,true
scenario.bom_151152,scenario.product_151152,product.product_uom_unit,1,true
scenario.bom_151153,scenario.product_151153,product.product_uom_unit,1,true
scenario.bom_151154,scenario.product_151154,product.product_uom_unit,1,true
scenario.bom_151155,scenario.product_151155,product.product_uom_unit,1,true
scenario.bom_151156,scenario.product_151156,product.product_uom_unit,1,true
scenario.bom_151157,scenario.product_151157,product.product_uom_unit,1,true
scenario.bom_151158,scenario.product_151158,product.product_uom_unit,1,true
scenario.bom_151159,scenario.product_151159,product.product_uom_unit,1,true
scenario.bom_151160,scenario.product_151160,product.product_uom_unit,1,true
scenario.bom_151161,scenario.product_151161,product.product_uom_unit,1,true
scenario.bom_151162,scenario.product_151162,product.product_uom_unit,1,true
scenario.bom_151163,scenario.product_151163,product.product_uom_unit,1,true
scenario.bom_151164,scenario.product_151164,product.product_uom_unit,1,true
scenario.bom_151165,scenario.product_151165,product.product_uom_unit,1,true
scenario.bom_151166,scenario.product_151166,product.product_uom_unit,1,true
scenario.bom_151167,scenario.product_151167,product.product_uom_unit,1,true
scenario.bom_151168,scenario.product_151168,product.product_uom_unit,1,true
scenario.bom_151169,scenario.product_151169,product.product_uom_unit,1,true
scenario.bom_151170,scenario.product_151170,product.product_uom_unit,1,true
scenario.bom_151171,scenario.product_151171,product.product_uom_unit,1,true
scenario.bom_151172,scenario.product_151172,product.product_uom_unit,1,true
scenario.bom_151173,scenario.product_151173,product.product_uom_unit,1,true
scenario.bom_151174,scenario.product_151174,product.product_uom_unit,1,true
scenario.bom_151175,scenario.product_151175,product.product_uom_unit,1,true
scenario.bom_151176,scenario.product_151176,product.product_uom_unit,1,true
scenario.bom_151177,scenario.product_151177,product.product_uom_unit,1,true
scenario.bom_151178,scenario.product_151178,product.product_uom_unit,1,true
scenario.bom_151179,scenario.product_151179,product.product_uom_unit,1,true
scenario.bom_151180,scenario.product_151180,product.product_uom_unit,1,true
scenario.bom_151181,scenario.product_151181,product.product_uom_unit,1,true
scenario.bom_151182,scenario.product_151182,product.product_uom_unit,1,true
scenario.bom_151183,scenario.product_151183,product.product_uom_unit,1,true
scenario.bom_151184,scenario.product_151184,product.product_uom_unit,1,true
scenario.bom_151185,scenario.product_151185,product.product_uom_unit,1,true
scenario.bom_151186,scenario.product_151186,product.product_uom_unit,1,true
scenario.bom_151187,scenario.product_151187,product.product_uom_unit,1,true
scenario.bom_151188,scenario.product_151188,product.product_uom_unit,1,true
scenario.bom_151189,scenario.product_151189,product.product_uom_unit,1,true
scenario.bom_151190,scenario.product_151190,product.product_uom_unit,1,true
scenario.bom_151191,scenario.product_151191,product.product_uom_unit,1,true
scenario.bom_151192,scenario.product_151192,product.product_uom_unit,1,true
scenario.bom_151193,scenario.product_151193,product.product_uom_unit,1,true
scenario.bom_151068,scenario.product_151068,product.product_uom_unit,1,true
scenario.bom_151069,scenario.product_151069,product.product_uom_unit,1,true
scenario.bom_151070,scenario.product_151070,product.product_uom_unit,1,true
scenario.bom_151071,scenario.product_151071,product.product_uom_unit,1,true
scenario.bom_151072,scenario.product_151072,product.product_uom_unit,1,true
scenario.bom_151073,scenario.product_151073,product.product_uom_unit,1,true
scenario.bom_151074,scenario.product_151074,product.product_uom_unit,1,true
scenario.bom_151075,scenario.product_151075,product.product_uom_unit,1,true
scenario.bom_151076,scenario.product_151076,product.product_uom_unit,1,true
scenario.bom_151077,scenario.product_151077,product.product_uom_unit,1,true
scenario.bom_151078,scenario.product_151078,product.product_uom_unit,1,true
scenario.bom_151079,scenario.product_151079,product.product_uom_unit,1,true
scenario.bom_151080,scenario.product_151080,product.product_uom_unit,1,true
scenario.bom_151081,scenario.product_151081,product.product_uom_unit,1,true
scenario.bom_151082,scenario.product_151082,product.product_uom_unit,1,true
scenario.bom_151083,scenario.product_151083,product.product_uom_unit,1,true
scenario.bom_151084,scenario.product_151084,product.product_uom_unit,1,true
scenario.bom_151085,scenario.product_151085,product.product_uom_unit,1,true
scenario.bom_151086,scenario.product_151086,product.product_uom_unit,1,true
scenario.bom_151087,scenario.product_151087,product.product_uom_unit,1,true
scenario.bom_151088,scenario.product_151088,product.product_uom_unit,1,true
scenario.bom_151089,scenario.product_151089,product.product_uom_unit,1,true
scenario.bom_151090,scenario.product_151090,product.product_uom_unit,1,true
scenario.bom_151091,scenario.product_151091,product.product_uom_unit,1,true
scenario.bom_151092,scenario.product_151092,product.product_uom_unit,1,true
scenario.bom_151093,scenario.product_151093,product.product_uom_unit,1,true
scenario.bom_151094,scenario.product_151094,product.product_uom_unit,1,true
scenario.bom_151095,scenario.product_151095,product.product_uom_unit,1,true
scenario.bom_151096,scenario.product_151096,product.product_uom_unit,1,true
scenario.bom_151097,scenario.product_151097,product.product_uom_unit,1,true
scenario.bom_151098,scenario.product_151098,product.product_uom_unit,1,true
scenario.bom_151099,scenario.product_151099,product.product_uom_unit,1,true
scenario.bom_151100,scenario.product_151100,product.product_uom_unit,1,true
scenario.bom_151101,scenario.product_151101,product.product_uom_unit,1,true
scenario.bom_151102,scenario.product_151102,product.product_uom_unit,1,true
scenario.bom_151103,scenario.product_151103,product.product_uom_unit,1,true
scenario.bom_151104,scenario.product_151104,product.product_uom_unit,1,true
scenario.bom_151105,scenario.product_151105,product.product_uom_unit,1,true
scenario.bom_151106,scenario.product_151106,product.product_uom_unit,1,true
scenario.bom_151107,scenario.product_151107,product.product_uom_unit,1,true
scenario.bom_151108,scenario.product_151108,product.product_uom_unit,1,true
scenario.bom_151109,scenario.product_151109,product.product_uom_unit,1,true
scenario.bom_151404,scenario.product_151404,product.product_uom_unit,1,true
scenario.bom_151405,scenario.product_151405,product.product_uom_unit,1,true
scenario.bom_151406,scenario.product_151406,product.product_uom_unit,1,true
scenario.bom_151407,scenario.product_151407,product.product_uom_unit,1,true
scenario.bom_151408,scenario.product_151408,product.product_uom_unit,1,true
scenario.bom_151409,scenario.product_151409,product.product_uom_unit,1,true
scenario.bom_151410,scenario.product_151410,product.product_uom_unit,1,true
scenario.bom_151411,scenario.product_151411,product.product_uom_unit,1,true
scenario.bom_151412,scenario.product_151412,product.product_uom_unit,1,true
scenario.bom_151413,scenario.product_151413,product.product_uom_unit,1,true
scenario.bom_151414,scenario.product_151414,product.product_uom_unit,1,true
scenario.bom_151415,scenario.product_151415,product.product_uom_unit,1,true
scenario.bom_151416,scenario.product_151416,product.product_uom_unit,1,true
scenario.bom_151417,scenario.product_151417,product.product_uom_unit,1,true
scenario.bom_151418,scenario.product_151418,product.product_uom_unit,1,true
scenario.bom_151419,scenario.product_151419,product.product_uom_unit,1,true
scenario.bom_151420,scenario.product_151420,product.product_uom_unit,1,true
scenario.bom_151421,scenario.product_151421,product.product_uom_unit,1,true
scenario.bom_151422,scenario.product_151422,product.product_uom_unit,1,true
scenario.bom_151423,scenario.product_151423,product.product_uom_unit,1,true
scenario.bom_151424,scenario.product_151424,product.product_uom_unit,1,true
scenario.bom_151425,scenario.product_151425,product.product_uom_unit,1,true
scenario.bom_151426,scenario.product_151426,product.product_uom_unit,1,true
scenario.bom_151427,scenario.product_151427,product.product_uom_unit,1,true
scenario.bom_151428,scenario.product_151428,product.product_uom_unit,1,true
scenario.bom_151429,scenario.product_151429,product.product_uom_unit,1,true
scenario.bom_151430,scenario.product_151430,product.product_uom_unit,1,true
scenario.bom_151431,scenario.product_151431,product.product_uom_unit,1,true
scenario.bom_151432,scenario.product_151432,product.product_uom_unit,1,true
scenario.bom_151433,scenario.product_151433,product.product_uom_unit,1,true
scenario.bom_151434,scenario.product_151434,product.product_uom_unit,1,true
scenario.bom_151435,scenario.product_151435,product.product_uom_unit,1,true
scenario.bom_151436,scenario.product_151436,product.product_uom_unit,1,true
scenario.bom_151437,scenario.product_151437,product.product_uom_unit,1,true
scenario.bom_151438,scenario.product_151438,product.product_uom_unit,1,true
scenario.bom_151439,scenario.product_151439,product.product_uom_unit,1,true
scenario.bom_151440,scenario.product_151440,product.product_uom_unit,1,true
scenario.bom_151441,scenario.product_151441,product.product_uom_unit,1,true
scenario.bom_151442,scenario.product_151442,product.product_uom_unit,1,true
scenario.bom_151443,scenario.product_151443,product.product_uom_unit,1,true
scenario.bom_151444,scenario.product_151444,product.product_uom_unit,1,true
scenario.bom_151445,scenario.product_151445,product.product_uom_unit,1,true
scenario.bom_151362,scenario.product_151362,product.product_uom_unit,1,true
scenario.bom_151363,scenario.product_151363,product.product_uom_unit,1,true
scenario.bom_151364,scenario.product_151364,product.product_uom_unit,1,true
scenario.bom_151365,scenario.product_151365,product.product_uom_unit,1,true
scenario.bom_151366,scenario.product_151366,product.product_uom_unit,1,true
scenario.bom_151367,scenario.product_151367,product.product_uom_unit,1,true
scenario.bom_151368,scenario.product_151368,product.product_uom_unit,1,true
scenario.bom_151369,scenario.product_151369,product.product_uom_unit,1,true
scenario.bom_151370,scenario.product_151370,product.product_uom_unit,1,true
scenario.bom_151371,scenario.product_151371,product.product_uom_unit,1,true
scenario.bom_151372,scenario.product_151372,product.product_uom_unit,1,true
scenario.bom_151373,scenario.product_151373,product.product_uom_unit,1,true
scenario.bom_151374,scenario.product_151374,product.product_uom_unit,1,true
scenario.bom_151375,scenario.product_151375,product.product_uom_unit,1,true
scenario.bom_151376,scenario.product_151376,product.product_uom_unit,1,true
scenario.bom_151377,scenario.product_151377,product.product_uom_unit,1,true
scenario.bom_151378,scenario.product_151378,product.product_uom_unit,1,true
scenario.bom_151379,scenario.product_151379,product.product_uom_unit,1,true
scenario.bom_151380,scenario.product_151380,product.product_uom_unit,1,true
scenario.bom_151381,scenario.product_151381,product.product_uom_unit,1,true
scenario.bom_151382,scenario.product_151382,product.product_uom_unit,1,true
scenario.bom_151383,scenario.product_151383,product.product_uom_unit,1,true
scenario.bom_151384,scenario.product_151384,product.product_uom_unit,1,true
scenario.bom_151385,scenario.product_151385,product.product_uom_unit,1,true
scenario.bom_151386,scenario.product_151386,product.product_uom_unit,1,true
scenario.bom_151387,scenario.product_151387,product.product_uom_unit,1,true
scenario.bom_151388,scenario.product_151388,product.product_uom_unit,1,true
scenario.bom_151389,scenario.product_151389,product.product_uom_unit,1,true
scenario.bom_151390,scenario.product_151390,product.product_uom_unit,1,true
scenario.bom_151391,scenario.product_151391,product.product_uom_unit,1,true
scenario.bom_151392,scenario.product_151392,product.product_uom_unit,1,true
scenario.bom_151393,scenario.product_151393,product.product_uom_unit,1,true
scenario.bom_151394,scenario.product_151394,product.product_uom_unit,1,true
scenario.bom_151395,scenario.product_151395,product.product_uom_unit,1,true
scenario.bom_151396,scenario.product_151396,product.product_uom_unit,1,true
scenario.bom_151397,scenario.product_151397,product.product_uom_unit,1,true
scenario.bom_151398,scenario.product_151398,product.product_uom_unit,1,true
scenario.bom_151399,scenario.product_151399,product.product_uom_unit,1,true
scenario.bom_151400,scenario.product_151400,product.product_uom_unit,1,true
scenario.bom_151401,scenario.product_151401,product.product_uom_unit,1,true
scenario.bom_151402,scenario.product_151402,product.product_uom_unit,1,true
scenario.bom_151403,scenario.product_151403,product.product_uom_unit,1,true
scenario.bom_151725,scenario.product_151725,product.product_uom_unit,1,true
scenario.bom_151320,scenario.product_151320,product.product_uom_unit,1,true
scenario.bom_151321,scenario.product_151321,product.product_uom_unit,1,true
scenario.bom_151322,scenario.product_151322,product.product_uom_unit,1,true
scenario.bom_151323,scenario.product_151323,product.product_uom_unit,1,true
scenario.bom_151324,scenario.product_151324,product.product_uom_unit,1,true
scenario.bom_151325,scenario.product_151325,product.product_uom_unit,1,true
scenario.bom_151326,scenario.product_151326,product.product_uom_unit,1,true
scenario.bom_151327,scenario.product_151327,product.product_uom_unit,1,true
scenario.bom_151328,scenario.product_151328,product.product_uom_unit,1,true
scenario.bom_151329,scenario.product_151329,product.product_uom_unit,1,true
scenario.bom_151330,scenario.product_151330,product.product_uom_unit,1,true
scenario.bom_151331,scenario.product_151331,product.product_uom_unit,1,true
scenario.bom_151332,scenario.product_151332,product.product_uom_unit,1,true
scenario.bom_151333,scenario.product_151333,product.product_uom_unit,1,true
scenario.bom_151334,scenario.product_151334,product.product_uom_unit,1,true
scenario.bom_151335,scenario.product_151335,product.product_uom_unit,1,true
scenario.bom_151336,scenario.product_151336,product.product_uom_unit,1,true
scenario.bom_151337,scenario.product_151337,product.product_uom_unit,1,true
scenario.bom_151338,scenario.product_151338,product.product_uom_unit,1,true
scenario.bom_151339,scenario.product_151339,product.product_uom_unit,1,true
scenario.bom_151340,scenario.product_151340,product.product_uom_unit,1,true
scenario.bom_151341,scenario.product_151341,product.product_uom_unit,1,true
scenario.bom_151342,scenario.product_151342,product.product_uom_unit,1,true
scenario.bom_151343,scenario.product_151343,product.product_uom_unit,1,true
scenario.bom_151344,scenario.product_151344,product.product_uom_unit,1,true
scenario.bom_151345,scenario.product_151345,product.product_uom_unit,1,true
scenario.bom_151346,scenario.product_151346,product.product_uom_unit,1,true
scenario.bom_151347,scenario.product_151347,product.product_uom_unit,1,true
scenario.bom_151348,scenario.product_151348,product.product_uom_unit,1,true
scenario.bom_151349,scenario.product_151349,product.product_uom_unit,1,true
scenario.bom_151350,scenario.product_151350,product.product_uom_unit,1,true
scenario.bom_151351,scenario.product_151351,product.product_uom_unit,1,true
scenario.bom_151352,scenario.product_151352,product.product_uom_unit,1,true
scenario.bom_151353,scenario.product_151353,product.product_uom_unit,1,true
scenario.bom_151354,scenario.product_151354,product.product_uom_unit,1,true
scenario.bom_151355,scenario.product_151355,product.product_uom_unit,1,true
scenario.bom_151356,scenario.product_151356,product.product_uom_unit,1,true
scenario.bom_151357,scenario.product_151357,product.product_uom_unit,1,true
scenario.bom_151358,scenario.product_151358,product.product_uom_unit,1,true
scenario.bom_151359,scenario.product_151359,product.product_uom_unit,1,true
scenario.bom_151360,scenario.product_151360,product.product_uom_unit,1,true
scenario.bom_151361,scenario.product_151361,product.product_uom_unit,1,true
scenario.bom_151726,scenario.product_151726,product.product_uom_unit,1,true
scenario.bom_151727,scenario.product_151727,product.product_uom_unit,1,true
scenario.bom_151110,scenario.product_151110,product.product_uom_unit,1,true
scenario.bom_151111,scenario.product_151111,product.product_uom_unit,1,true
scenario.bom_151112,scenario.product_151112,product.product_uom_unit,1,true
scenario.bom_151113,scenario.product_151113,product.product_uom_unit,1,true
scenario.bom_151114,scenario.product_151114,product.product_uom_unit,1,true
scenario.bom_151115,scenario.product_151115,product.product_uom_unit,1,true
scenario.bom_151116,scenario.product_151116,product.product_uom_unit,1,true
scenario.bom_151117,scenario.product_151117,product.product_uom_unit,1,true
scenario.bom_151118,scenario.product_151118,product.product_uom_unit,1,true
scenario.bom_151119,scenario.product_151119,product.product_uom_unit,1,true
scenario.bom_151120,scenario.product_151120,product.product_uom_unit,1,true
scenario.bom_151121,scenario.product_151121,product.product_uom_unit,1,true
scenario.bom_151122,scenario.product_151122,product.product_uom_unit,1,true
scenario.bom_151123,scenario.product_151123,product.product_uom_unit,1,true
scenario.bom_151124,scenario.product_151124,product.product_uom_unit,1,true
scenario.bom_151125,scenario.product_151125,product.product_uom_unit,1,true
scenario.bom_151126,scenario.product_151126,product.product_uom_unit,1,true
scenario.bom_151127,scenario.product_151127,product.product_uom_unit,1,true
scenario.bom_151128,scenario.product_151128,product.product_uom_unit,1,true
scenario.bom_151129,scenario.product_151129,product.product_uom_unit,1,true
scenario.bom_151130,scenario.product_151130,product.product_uom_unit,1,true
scenario.bom_151131,scenario.product_151131,product.product_uom_unit,1,true
scenario.bom_151132,scenario.product_151132,product.product_uom_unit,1,true
scenario.bom_151133,scenario.product_151133,product.product_uom_unit,1,true
scenario.bom_151134,scenario.product_151134,product.product_uom_unit,1,true
scenario.bom_151135,scenario.product_151135,product.product_uom_unit,1,true
scenario.bom_151136,scenario.product_151136,product.product_uom_unit,1,true
scenario.bom_151137,scenario.product_151137,product.product_uom_unit,1,true
scenario.bom_151138,scenario.product_151138,product.product_uom_unit,1,true
scenario.bom_151139,scenario.product_151139,product.product_uom_unit,1,true
scenario.bom_151140,scenario.product_151140,product.product_uom_unit,1,true
scenario.bom_151141,scenario.product_151141,product.product_uom_unit,1,true
scenario.bom_151142,scenario.product_151142,product.product_uom_unit,1,true
scenario.bom_151143,scenario.product_151143,product.product_uom_unit,1,true
scenario.bom_151144,scenario.product_151144,product.product_uom_unit,1,true
scenario.bom_151145,scenario.product_151145,product.product_uom_unit,1,true
scenario.bom_151146,scenario.product_151146,product.product_uom_unit,1,true
scenario.bom_151147,scenario.product_151147,product.product_uom_unit,1,true
scenario.bom_151148,scenario.product_151148,product.product_uom_unit,1,true
scenario.bom_151149,scenario.product_151149,product.product_uom_unit,1,true
scenario.bom_151150,scenario.product_151150,product.product_uom_unit,1,true
scenario.bom_151151,scenario.product_151151,product.product_uom_unit,1,true
scenario.bom_151728,scenario.product_151728,product.product_uom_unit,1,true
scenario.bom_151729,scenario.product_151729,product.product_uom_unit,1,true
scenario.bom_151278,scenario.product_151278,product.product_uom_unit,1,true
scenario.bom_151279,scenario.product_151279,product.product_uom_unit,1,true
scenario.bom_151280,scenario.product_151280,product.product_uom_unit,1,true
scenario.bom_151281,scenario.product_151281,product.product_uom_unit,1,true
scenario.bom_151282,scenario.product_151282,product.product_uom_unit,1,true
scenario.bom_151283,scenario.product_151283,product.product_uom_unit,1,true
scenario.bom_151284,scenario.product_151284,product.product_uom_unit,1,true
scenario.bom_151285,scenario.product_151285,product.product_uom_unit,1,true
scenario.bom_151286,scenario.product_151286,product.product_uom_unit,1,true
scenario.bom_151287,scenario.product_151287,product.product_uom_unit,1,true
scenario.bom_151288,scenario.product_151288,product.product_uom_unit,1,true
scenario.bom_151289,scenario.product_151289,product.product_uom_unit,1,true
scenario.bom_151290,scenario.product_151290,product.product_uom_unit,1,true
scenario.bom_151291,scenario.product_151291,product.product_uom_unit,1,true
scenario.bom_151292,scenario.product_151292,product.product_uom_unit,1,true
scenario.bom_151293,scenario.product_151293,product.product_uom_unit,1,true
scenario.bom_151294,scenario.product_151294,product.product_uom_unit,1,true
scenario.bom_151295,scenario.product_151295,product.product_uom_unit,1,true
scenario.bom_151296,scenario.product_151296,product.product_uom_unit,1,true
scenario.bom_151297,scenario.product_151297,product.product_uom_unit,1,true
scenario.bom_151298,scenario.product_151298,product.product_uom_unit,1,true
scenario.bom_151299,scenario.product_151299,product.product_uom_unit,1,true
scenario.bom_151300,scenario.product_151300,product.product_uom_unit,1,true
scenario.bom_151301,scenario.product_151301,product.product_uom_unit,1,true
scenario.bom_151302,scenario.product_151302,product.product_uom_unit,1,true
scenario.bom_151303,scenario.product_151303,product.product_uom_unit,1,true
scenario.bom_151304,scenario.product_151304,product.product_uom_unit,1,true
scenario.bom_151305,scenario.product_151305,product.product_uom_unit,1,true
scenario.bom_151306,scenario.product_151306,product.product_uom_unit,1,true
scenario.bom_151307,scenario.product_151307,product.product_uom_unit,1,true
scenario.bom_151308,scenario.product_151308,product.product_uom_unit,1,true
scenario.bom_151309,scenario.product_151309,product.product_uom_unit,1,true
scenario.bom_151310,scenario.product_151310,product.product_uom_unit,1,true
scenario.bom_151311,scenario.product_151311,product.product_uom_unit,1,true
scenario.bom_151312,scenario.product_151312,product.product_uom_unit,1,true
scenario.bom_151313,scenario.product_151313,product.product_uom_unit,1,true
scenario.bom_151314,scenario.product_151314,product.product_uom_unit,1,true
scenario.bom_151315,scenario.product_151315,product.product_uom_unit,1,true
scenario.bom_151316,scenario.product_151316,product.product_uom_unit,1,true
scenario.bom_151317,scenario.product_151317,product.product_uom_unit,1,true
scenario.bom_151318,scenario.product_151318,product.product_uom_unit,1,true
scenario.bom_151319,scenario.product_151319,product.product_uom_unit,1,true
scenario.bom_151194,scenario.product_151194,product.product_uom_unit,1,true
scenario.bom_151195,scenario.product_151195,product.product_uom_unit,1,true
scenario.bom_151196,scenario.product_151196,product.product_uom_unit,1,true
scenario.bom_151197,scenario.product_151197,product.product_uom_unit,1,true
scenario.bom_151198,scenario.product_151198,product.product_uom_unit,1,true
scenario.bom_151199,scenario.product_151199,product.product_uom_unit,1,true
scenario.bom_151200,scenario.product_151200,product.product_uom_unit,1,true
scenario.bom_151201,scenario.product_151201,product.product_uom_unit,1,true
scenario.bom_151202,scenario.product_151202,product.product_uom_unit,1,true
scenario.bom_151203,scenario.product_151203,product.product_uom_unit,1,true
scenario.bom_151204,scenario.product_151204,product.product_uom_unit,1,true
scenario.bom_151205,scenario.product_151205,product.product_uom_unit,1,true
scenario.bom_151206,scenario.product_151206,product.product_uom_unit,1,true
scenario.bom_151207,scenario.product_151207,product.product_uom_unit,1,true
scenario.bom_151208,scenario.product_151208,product.product_uom_unit,1,true
scenario.bom_151209,scenario.product_151209,product.product_uom_unit,1,true
scenario.bom_151210,scenario.product_151210,product.product_uom_unit,1,true
scenario.bom_151211,scenario.product_151211,product.product_uom_unit,1,true
scenario.bom_151212,scenario.product_151212,product.product_uom_unit,1,true
scenario.bom_151213,scenario.product_151213,product.product_uom_unit,1,true
scenario.bom_151214,scenario.product_151214,product.product_uom_unit,1,true
scenario.bom_151215,scenario.product_151215,product.product_uom_unit,1,true
scenario.bom_151216,scenario.product_151216,product.product_uom_unit,1,true
scenario.bom_151217,scenario.product_151217,product.product_uom_unit,1,true
scenario.bom_151218,scenario.product_151218,product.product_uom_unit,1,true
scenario.bom_151219,scenario.product_151219,product.product_uom_unit,1,true
scenario.bom_151220,scenario.product_151220,product.product_uom_unit,1,true
scenario.bom_151221,scenario.product_151221,product.product_uom_unit,1,true
scenario.bom_151222,scenario.product_151222,product.product_uom_unit,1,true
scenario.bom_151223,scenario.product_151223,product.product_uom_unit,1,true
scenario.bom_151224,scenario.product_151224,product.product_uom_unit,1,true
scenario.bom_151225,scenario.product_151225,product.product_uom_unit,1,true
scenario.bom_151226,scenario.product_151226,product.product_uom_unit,1,true
scenario.bom_151227,scenario.product_151227,product.product_uom_unit,1,true
scenario.bom_151228,scenario.product_151228,product.product_uom_unit,1,true
scenario.bom_151229,scenario.product_151229,product.product_uom_unit,1,true
scenario.bom_151230,scenario.product_151230,product.product_uom_unit,1,true
scenario.bom_151231,scenario.product_151231,product.product_uom_unit,1,true
scenario.bom_151232,scenario.product_151232,product.product_uom_unit,1,true
scenario.bom_151233,scenario.product_151233,product.product_uom_unit,1,true
scenario.bom_151234,scenario.product_151234,product.product_uom_unit,1,true
scenario.bom_151235,scenario.product_151235,product.product_uom_unit,1,true
scenario.bom_151614,scenario.product_151614,product.product_uom_unit,1,true
scenario.bom_151615,scenario.product_151615,product.product_uom_unit,1,true
scenario.bom_151616,scenario.product_151616,product.product_uom_unit,1,true
scenario.bom_151617,scenario.product_151617,product.product_uom_unit,1,true
scenario.bom_151618,scenario.product_151618,product.product_uom_unit,1,true
scenario.bom_151619,scenario.product_151619,product.product_uom_unit,1,true
scenario.bom_151620,scenario.product_151620,product.product_uom_unit,1,true
scenario.bom_151621,scenario.product_151621,product.product_uom_unit,1,true
scenario.bom_151622,scenario.product_151622,product.product_uom_unit,1,true
scenario.bom_151623,scenario.product_151623,product.product_uom_unit,1,true
scenario.bom_151624,scenario.product_151624,product.product_uom_unit,1,true
scenario.bom_151625,scenario.product_151625,product.product_uom_unit,1,true
scenario.bom_151626,scenario.product_151626,product.product_uom_unit,1,true
scenario.bom_151627,scenario.product_151627,product.product_uom_unit,1,true
scenario.bom_151628,scenario.product_151628,product.product_uom_unit,1,true
scenario.bom_151629,scenario.product_151629,product.product_uom_unit,1,true
scenario.bom_151630,scenario.product_151630,product.product_uom_unit,1,true
scenario.bom_151631,scenario.product_151631,product.product_uom_unit,1,true
scenario.bom_151632,scenario.product_151632,product.product_uom_unit,1,true
scenario.bom_151633,scenario.product_151633,product.product_uom_unit,1,true
scenario.bom_151634,scenario.product_151634,product.product_uom_unit,1,true
scenario.bom_151635,scenario.product_151635,product.product_uom_unit,1,true
scenario.bom_151636,scenario.product_151636,product.product_uom_unit,1,true
scenario.bom_151637,scenario.product_151637,product.product_uom_unit,1,true
scenario.bom_151638,scenario.product_151638,product.product_uom_unit,1,true
scenario.bom_151639,scenario.product_151639,product.product_uom_unit,1,true
scenario.bom_151640,scenario.product_151640,product.product_uom_unit,1,true
scenario.bom_151641,scenario.product_151641,product.product_uom_unit,1,true
scenario.bom_151642,scenario.product_151642,product.product_uom_unit,1,true
scenario.bom_151643,scenario.product_151643,product.product_uom_unit,1,true
scenario.bom_151644,scenario.product_151644,product.product_uom_unit,1,true
scenario.bom_151645,scenario.product_151645,product.product_uom_unit,1,true
scenario.bom_151646,scenario.product_151646,product.product_uom_unit,1,true
scenario.bom_151647,scenario.product_151647,product.product_uom_unit,1,true
scenario.bom_151648,scenario.product_151648,product.product_uom_unit,1,true
scenario.bom_151649,scenario.product_151649,product.product_uom_unit,1,true
scenario.bom_151650,scenario.product_151650,product.product_uom_unit,1,true
scenario.bom_151651,scenario.product_151651,product.product_uom_unit,1,true
scenario.bom_151652,scenario.product_151652,product.product_uom_unit,1,true
scenario.bom_151653,scenario.product_151653,product.product_uom_unit,1,true
scenario.bom_151654,scenario.product_151654,product.product_uom_unit,1,true
scenario.bom_151655,scenario.product_151655,product.product_uom_unit,1,true
scenario.bom_151572,scenario.product_151572,product.product_uom_unit,1,true
scenario.bom_151573,scenario.product_151573,product.product_uom_unit,1,true
scenario.bom_151574,scenario.product_151574,product.product_uom_unit,1,true
scenario.bom_151575,scenario.product_151575,product.product_uom_unit,1,true
scenario.bom_151576,scenario.product_151576,product.product_uom_unit,1,true
scenario.bom_151577,scenario.product_151577,product.product_uom_unit,1,true
scenario.bom_151578,scenario.product_151578,product.product_uom_unit,1,true
scenario.bom_151579,scenario.product_151579,product.product_uom_unit,1,true
scenario.bom_151580,scenario.product_151580,product.product_uom_unit,1,true
scenario.bom_151581,scenario.product_151581,product.product_uom_unit,1,true
scenario.bom_151582,scenario.product_151582,product.product_uom_unit,1,true
scenario.bom_151583,scenario.product_151583,product.product_uom_unit,1,true
scenario.bom_151584,scenario.product_151584,product.product_uom_unit,1,true
scenario.bom_151585,scenario.product_151585,product.product_uom_unit,1,true
scenario.bom_151586,scenario.product_151586,product.product_uom_unit,1,true
scenario.bom_151587,scenario.product_151587,product.product_uom_unit,1,true
scenario.bom_151588,scenario.product_151588,product.product_uom_unit,1,true
scenario.bom_151589,scenario.product_151589,product.product_uom_unit,1,true
scenario.bom_151590,scenario.product_151590,product.product_uom_unit,1,true
scenario.bom_151591,scenario.product_151591,product.product_uom_unit,1,true
scenario.bom_151592,scenario.product_151592,product.product_uom_unit,1,true
scenario.bom_151593,scenario.product_151593,product.product_uom_unit,1,true
scenario.bom_151594,scenario.product_151594,product.product_uom_unit,1,true
scenario.bom_151595,scenario.product_151595,product.product_uom_unit,1,true
scenario.bom_151596,scenario.product_151596,product.product_uom_unit,1,true
scenario.bom_151597,scenario.product_151597,product.product_uom_unit,1,true
scenario.bom_151598,scenario.product_151598,product.product_uom_unit,1,true
scenario.bom_151599,scenario.product_151599,product.product_uom_unit,1,true
scenario.bom_151600,scenario.product_151600,product.product_uom_unit,1,true
scenario.bom_151601,scenario.product_151601,product.product_uom_unit,1,true
scenario.bom_151602,scenario.product_151602,product.product_uom_unit,1,true
scenario.bom_151603,scenario.product_151603,product.product_uom_unit,1,true
scenario.bom_151604,scenario.product_151604,product.product_uom_unit,1,true
scenario.bom_151605,scenario.product_151605,product.product_uom_unit,1,true
scenario.bom_151606,scenario.product_151606,product.product_uom_unit,1,true
scenario.bom_151607,scenario.product_151607,product.product_uom_unit,1,true
scenario.bom_151608,scenario.product_151608,product.product_uom_unit,1,true
scenario.bom_151609,scenario.product_151609,product.product_uom_unit,1,true
scenario.bom_151610,scenario.product_151610,product.product_uom_unit,1,true
scenario.bom_151611,scenario.product_151611,product.product_uom_unit,1,true
scenario.bom_151612,scenario.product_151612,product.product_uom_unit,1,true
scenario.bom_151613,scenario.product_151613,product.product_uom_unit,1,true
scenario.bom_151236,scenario.product_151236,product.product_uom_unit,1,true
scenario.bom_151237,scenario.product_151237,product.product_uom_unit,1,true
scenario.bom_151238,scenario.product_151238,product.product_uom_unit,1,true
scenario.bom_151239,scenario.product_151239,product.product_uom_unit,1,true
scenario.bom_151240,scenario.product_151240,product.product_uom_unit,1,true
scenario.bom_151241,scenario.product_151241,product.product_uom_unit,1,true
scenario.bom_151242,scenario.product_151242,product.product_uom_unit,1,true
scenario.bom_151243,scenario.product_151243,product.product_uom_unit,1,true
scenario.bom_151244,scenario.product_151244,product.product_uom_unit,1,true
scenario.bom_151245,scenario.product_151245,product.product_uom_unit,1,true
scenario.bom_151246,scenario.product_151246,product.product_uom_unit,1,true
scenario.bom_151247,scenario.product_151247,product.product_uom_unit,1,true
scenario.bom_151248,scenario.product_151248,product.product_uom_unit,1,true
scenario.bom_151249,scenario.product_151249,product.product_uom_unit,1,true
scenario.bom_151250,scenario.product_151250,product.product_uom_unit,1,true
scenario.bom_151251,scenario.product_151251,product.product_uom_unit,1,true
scenario.bom_151252,scenario.product_151252,product.product_uom_unit,1,true
scenario.bom_151253,scenario.product_151253,product.product_uom_unit,1,true
scenario.bom_151254,scenario.product_151254,product.product_uom_unit,1,true
scenario.bom_151255,scenario.product_151255,product.product_uom_unit,1,true
scenario.bom_151256,scenario.product_151256,product.product_uom_unit,1,true
scenario.bom_151257,scenario.product_151257,product.product_uom_unit,1,true
scenario.bom_151258,scenario.product_151258,product.product_uom_unit,1,true
scenario.bom_151259,scenario.product_151259,product.product_uom_unit,1,true
scenario.bom_151260,scenario.product_151260,product.product_uom_unit,1,true
scenario.bom_151261,scenario.product_151261,product.product_uom_unit,1,true
scenario.bom_151262,scenario.product_151262,product.product_uom_unit,1,true
scenario.bom_151263,scenario.product_151263,product.product_uom_unit,1,true
scenario.bom_151264,scenario.product_151264,product.product_uom_unit,1,true
scenario.bom_151265,scenario.product_151265,product.product_uom_unit,1,true
scenario.bom_151266,scenario.product_151266,product.product_uom_unit,1,true
scenario.bom_151267,scenario.product_151267,product.product_uom_unit,1,true
scenario.bom_151268,scenario.product_151268,product.product_uom_unit,1,true
scenario.bom_151269,scenario.product_151269,product.product_uom_unit,1,true
scenario.bom_151270,scenario.product_151270,product.product_uom_unit,1,true
scenario.bom_151271,scenario.product_151271,product.product_uom_unit,1,true
scenario.bom_151272,scenario.product_151272,product.product_uom_unit,1,true
scenario.bom_151273,scenario.product_151273,product.product_uom_unit,1,true
scenario.bom_151274,scenario.product_151274,product.product_uom_unit,1,true
scenario.bom_151275,scenario.product_151275,product.product_uom_unit,1,true
scenario.bom_151276,scenario.product_151276,product.product_uom_unit,1,true
scenario.bom_151277,scenario.product_151277,product.product_uom_unit,1,true
scenario.bom_151656,scenario.product_151656,product.product_uom_unit,1,true
scenario.bom_151657,scenario.product_151657,product.product_uom_unit,1,true
scenario.bom_151658,scenario.product_151658,product.product_uom_unit,1,true
scenario.bom_151659,scenario.product_151659,product.product_uom_unit,1,true
scenario.bom_151660,scenario.product_151660,product.product_uom_unit,1,true
scenario.bom_151661,scenario.product_151661,product.product_uom_unit,1,true
scenario.bom_151662,scenario.product_151662,product.product_uom_unit,1,true
scenario.bom_151663,scenario.product_151663,product.product_uom_unit,1,true
scenario.bom_151664,scenario.product_151664,product.product_uom_unit,1,true
scenario.bom_151665,scenario.product_151665,product.product_uom_unit,1,true
scenario.bom_151666,scenario.product_151666,product.product_uom_unit,1,true
scenario.bom_151667,scenario.product_151667,product.product_uom_unit,1,true
scenario.bom_151668,scenario.product_151668,product.product_uom_unit,1,true
scenario.bom_151669,scenario.product_151669,product.product_uom_unit,1,true
scenario.bom_151670,scenario.product_151670,product.product_uom_unit,1,true
scenario.bom_151671,scenario.product_151671,product.product_uom_unit,1,true
scenario.bom_151672,scenario.product_151672,product.product_uom_unit,1,true
scenario.bom_151673,scenario.product_151673,product.product_uom_unit,1,true
scenario.bom_151674,scenario.product_151674,product.product_uom_unit,1,true
scenario.bom_151675,scenario.product_151675,product.product_uom_unit,1,true
scenario.bom_151676,scenario.product_151676,product.product_uom_unit,1,true
scenario.bom_151677,scenario.product_151677,product.product_uom_unit,1,true
scenario.bom_151678,scenario.product_151678,product.product_uom_unit,1,true
scenario.bom_151679,scenario.product_151679,product.product_uom_unit,1,true
scenario.bom_151680,scenario.product_151680,product.product_uom_unit,1,true
scenario.bom_151681,scenario.product_151681,product.product_uom_unit,1,true
scenario.bom_151682,scenario.product_151682,product.product_uom_unit,1,true
scenario.bom_151683,scenario.product_151683,product.product_uom_unit,1,true
scenario.bom_151684,scenario.product_151684,product.product_uom_unit,1,true
scenario.bom_151685,scenario.product_151685,product.product_uom_unit,1,true
scenario.bom_151686,scenario.product_151686,product.product_uom_unit,1,true
scenario.bom_151687,scenario.product_151687,product.product_uom_unit,1,true
scenario.bom_151688,scenario.product_151688,product.product_uom_unit,1,true
scenario.bom_151689,scenario.product_151689,product.product_uom_unit,1,true
scenario.bom_151690,scenario.product_151690,product.product_uom_unit,1,true
scenario.bom_151691,scenario.product_151691,product.product_uom_unit,1,true
scenario.bom_151692,scenario.product_151692,product.product_uom_unit,1,true
scenario.bom_151693,scenario.product_151693,product.product_uom_unit,1,true
scenario.bom_151694,scenario.product_151694,product.product_uom_unit,1,true
scenario.bom_151695,scenario.product_151695,product.product_uom_unit,1,true
scenario.bom_151696,scenario.product_151696,product.product_uom_unit,1,true
scenario.bom_151697,scenario.product_151697,product.product_uom_unit,1,true
scenario.bom_151730,scenario.product_151730,product.product_uom_unit,1,true
scenario.bom_151731,scenario.product_151731,product.product_uom_unit,1,true
scenario.bom_151530,scenario.product_151530,product.product_uom_unit,1,true
scenario.bom_151531,scenario.product_151531,product.product_uom_unit,1,true
scenario.bom_151532,scenario.product_151532,product.product_uom_unit,1,true
scenario.bom_151533,scenario.product_151533,product.product_uom_unit,1,true
scenario.bom_151534,scenario.product_151534,product.product_uom_unit,1,true
scenario.bom_151535,scenario.product_151535,product.product_uom_unit,1,true
scenario.bom_151536,scenario.product_151536,product.product_uom_unit,1,true
scenario.bom_151537,scenario.product_151537,product.product_uom_unit,1,true
scenario.bom_151538,scenario.product_151538,product.product_uom_unit,1,true
scenario.bom_151539,scenario.product_151539,product.product_uom_unit,1,true
scenario.bom_151540,scenario.product_151540,product.product_uom_unit,1,true
scenario.bom_151541,scenario.product_151541,product.product_uom_unit,1,true
scenario.bom_151542,scenario.product_151542,product.product_uom_unit,1,true
scenario.bom_151543,scenario.product_151543,product.product_uom_unit,1,true
scenario.bom_151544,scenario.product_151544,product.product_uom_unit,1,true
scenario.bom_151545,scenario.product_151545,product.product_uom_unit,1,true
scenario.bom_151546,scenario.product_151546,product.product_uom_unit,1,true
scenario.bom_151547,scenario.product_151547,product.product_uom_unit,1,true
scenario.bom_151548,scenario.product_151548,product.product_uom_unit,1,true
scenario.bom_151549,scenario.product_151549,product.product_uom_unit,1,true
scenario.bom_151550,scenario.product_151550,product.product_uom_unit,1,true
scenario.bom_151551,scenario.product_151551,product.product_uom_unit,1,true
scenario.bom_151552,scenario.product_151552,product.product_uom_unit,1,true
scenario.bom_151553,scenario.product_151553,product.product_uom_unit,1,true
scenario.bom_151554,scenario.product_151554,product.product_uom_unit,1,true
scenario.bom_151555,scenario.product_151555,product.product_uom_unit,1,true
scenario.bom_151556,scenario.product_151556,product.product_uom_unit,1,true
scenario.bom_151557,scenario.product_151557,product.product_uom_unit,1,true
scenario.bom_151558,scenario.product_151558,product.product_uom_unit,1,true
scenario.bom_151559,scenario.product_151559,product.product_uom_unit,1,true
scenario.bom_151560,scenario.product_151560,product.product_uom_unit,1,true
scenario.bom_151561,scenario.product_151561,product.product_uom_unit,1,true
scenario.bom_151562,scenario.product_151562,product.product_uom_unit,1,true
scenario.bom_151563,scenario.product_151563,product.product_uom_unit,1,true
scenario.bom_151564,scenario.product_151564,product.product_uom_unit,1,true
scenario.bom_151565,scenario.product_151565,product.product_uom_unit,1,true
scenario.bom_151566,scenario.product_151566,product.product_uom_unit,1,true
scenario.bom_151567,scenario.product_151567,product.product_uom_unit,1,true
scenario.bom_151568,scenario.product_151568,product.product_uom_unit,1,true
scenario.bom_151569,scenario.product_151569,product.product_uom_unit,1,true
scenario.bom_151570,scenario.product_151570,product.product_uom_unit,1,true
scenario.bom_151571,scenario.product_151571,product.product_uom_unit,1,true
scenario.bom_151732,scenario.product_151732,product.product_uom_unit,1,true
scenario.bom_151733,scenario.product_151733,product.product_uom_unit,1,true
scenario.bom_151698,scenario.product_151698,product.product_uom_unit,1,true
scenario.bom_151699,scenario.product_151699,product.product_uom_unit,1,true
scenario.bom_151700,scenario.product_151700,product.product_uom_unit,1,true
scenario.bom_151701,scenario.product_151701,product.product_uom_unit,1,true
scenario.bom_151702,scenario.product_151702,product.product_uom_unit,1,true
scenario.bom_151703,scenario.product_151703,product.product_uom_unit,1,true
scenario.bom_151704,scenario.product_151704,product.product_uom_unit,1,true
scenario.bom_151705,scenario.product_151705,product.product_uom_unit,1,true
scenario.bom_151706,scenario.product_151706,product.product_uom_unit,1,true
scenario.bom_151707,scenario.product_151707,product.product_uom_unit,1,true
scenario.bom_151708,scenario.product_151708,product.product_uom_unit,1,true
scenario.bom_151709,scenario.product_151709,product.product_uom_unit,1,true
scenario.bom_151710,scenario.product_151710,product.product_uom_unit,1,true
scenario.bom_151711,scenario.product_151711,product.product_uom_unit,1,true
scenario.bom_151712,scenario.product_151712,product.product_uom_unit,1,true
scenario.bom_151713,scenario.product_151713,product.product_uom_unit,1,true
scenario.bom_151714,scenario.product_151714,product.product_uom_unit,1,true
scenario.bom_151715,scenario.product_151715,product.product_uom_unit,1,true
scenario.bom_151716,scenario.product_151716,product.product_uom_unit,1,true
scenario.bom_151717,scenario.product_151717,product.product_uom_unit,1,true
scenario.bom_151734,scenario.product_151734,product.product_uom_unit,1,true
scenario.bom_151735,scenario.product_151735,product.product_uom_unit,1,true
scenario.bom_142647,scenario.product_142647,product.product_uom_unit,1,true
scenario.bom_142648,scenario.product_142648,product.product_uom_unit,1,true
scenario.bom_142649,scenario.product_142649,product.product_uom_unit,1,true
scenario.bom_142650,scenario.product_142650,product.product_uom_unit,1,true
scenario.bom_142651,scenario.product_142651,product.product_uom_unit,1,true
scenario.bom_142652,scenario.product_142652,product.product_uom_unit,1,true
scenario.bom_142653,scenario.product_142653,product.product_uom_unit,1,true
scenario.bom_142654,scenario.product_142654,product.product_uom_unit,1,true
scenario.bom_142655,scenario.product_142655,product.product_uom_unit,1,true
scenario.bom_142667,scenario.product_142667,product.product_uom_unit,1,true
scenario.bom_142668,scenario.product_142668,product.product_uom_unit,1,true
scenario.bom_142669,scenario.product_142669,product.product_uom_unit,1,true
scenario.bom_142670,scenario.product_142670,product.product_uom_unit,1,true
scenario.bom_142671,scenario.product_142671,product.product_uom_unit,1,true
scenario.bom_142672,scenario.product_142672,product.product_uom_unit,1,true
scenario.bom_142656,scenario.product_142656,product.product_uom_unit,1,true
scenario.bom_142673,scenario.product_142673,product.product_uom_unit,1,true
scenario.bom_142674,scenario.product_142674,product.product_uom_unit,1,true
scenario.bom_142675,scenario.product_142675,product.product_uom_unit,1,true
scenario.bom_142676,scenario.product_142676,product.product_uom_unit,1,true
scenario.bom_142677,scenario.product_142677,product.product_uom_unit,1,true
scenario.bom_142678,scenario.product_142678,product.product_uom_unit,1,true
scenario.bom_142657,scenario.product_142657,product.product_uom_unit,1,true
scenario.bom_142658,scenario.product_142658,product.product_uom_unit,1,true
scenario.bom_142659,scenario.product_142659,product.product_uom_unit,1,true
scenario.bom_142660,scenario.product_142660,product.product_uom_unit,1,true
scenario.bom_142661,scenario.product_142661,product.product_uom_unit,1,true
scenario.bom_142680,scenario.product_142680,product.product_uom_unit,1,true
scenario.bom_142681,scenario.product_142681,product.product_uom_unit,1,true
scenario.bom_142682,scenario.product_142682,product.product_uom_unit,1,true
scenario.bom_142683,scenario.product_142683,product.product_uom_unit,1,true
scenario.bom_142684,scenario.product_142684,product.product_uom_unit,1,true
scenario.bom_142685,scenario.product_142685,product.product_uom_unit,1,true
scenario.bom_142686,scenario.product_142686,product.product_uom_unit,1,true
scenario.bom_142687,scenario.product_142687,product.product_uom_unit,1,true
scenario.bom_142688,scenario.product_142688,product.product_uom_unit,1,true
scenario.bom_142689,scenario.product_142689,product.product_uom_unit,1,true
scenario.bom_142690,scenario.product_142690,product.product_uom_unit,1,true
scenario.bom_142691,scenario.product_142691,product.product_uom_unit,1,true
scenario.bom_142692,scenario.product_142692,product.product_uom_unit,1,true
scenario.bom_142693,scenario.product_142693,product.product_uom_unit,1,true
scenario.bom_142719,scenario.product_142719,product.product_uom_unit,1,true
scenario.bom_142720,scenario.product_142720,product.product_uom_unit,1,true
scenario.bom_142721,scenario.product_142721,product.product_uom_unit,1,true
scenario.bom_142722,scenario.product_142722,product.product_uom_unit,1,true
scenario.bom_142723,scenario.product_142723,product.product_uom_unit,1,true
scenario.bom_142724,scenario.product_142724,product.product_uom_unit,1,true
scenario.bom_142725,scenario.product_142725,product.product_uom_unit,1,true
scenario.bom_142726,scenario.product_142726,product.product_uom_unit,1,true
scenario.bom_142727,scenario.product_142727,product.product_uom_unit,1,true
scenario.bom_142728,scenario.product_142728,product.product_uom_unit,1,true
scenario.bom_142729,scenario.product_142729,product.product_uom_unit,1,true
scenario.bom_142730,scenario.product_142730,product.product_uom_unit,1,true
scenario.bom_142731,scenario.product_142731,product.product_uom_unit,1,true
scenario.bom_142732,scenario.product_142732,product.product_uom_unit,1,true
scenario.bom_142736,scenario.product_142736,product.product_uom_unit,1,true
scenario.bom_142737,scenario.product_142737,product.product_uom_unit,1,true
scenario.bom_142758,scenario.product_142758,product.product_uom_unit,1,true
scenario.bom_142738,scenario.product_142738,product.product_uom_unit,1,true
scenario.bom_142741,scenario.product_142741,product.product_uom_unit,1,true
scenario.bom_142742,scenario.product_142742,product.product_uom_unit,1,true
scenario.bom_142745,scenario.product_142745,product.product_uom_unit,1,true
scenario.bom_142746,scenario.product_142746,product.product_uom_unit,1,true
scenario.bom_142749,scenario.product_142749,product.product_uom_unit,1,true
scenario.bom_142750,scenario.product_142750,product.product_uom_unit,1,true
scenario.bom_142759,scenario.product_142759,product.product_uom_unit,1,true
scenario.bom_142760,scenario.product_142760,product.product_uom_unit,1,true
scenario.bom_142761,scenario.product_142761,product.product_uom_unit,1,true
scenario.bom_142762,scenario.product_142762,product.product_uom_unit,1,true
scenario.bom_142751,scenario.product_142751,product.product_uom_unit,1,true
scenario.bom_142752,scenario.product_142752,product.product_uom_unit,1,true
scenario.bom_142753,scenario.product_142753,product.product_uom_unit,1,true
scenario.bom_142754,scenario.product_142754,product.product_uom_unit,1,true
scenario.bom_142755,scenario.product_142755,product.product_uom_unit,1,true
scenario.bom_142756,scenario.product_142756,product.product_uom_unit,1,true
scenario.bom_142757,scenario.product_142757,product.product_uom_unit,1,true
scenario.bom_142763,scenario.product_142763,product.product_uom_unit,1,true
scenario.bom_142764,scenario.product_142764,product.product_uom_unit,1,true
scenario.bom_142765,scenario.product_142765,product.product_uom_unit,1,true
scenario.bom_142766,scenario.product_142766,product.product_uom_unit,1,true
scenario.bom_142767,scenario.product_142767,product.product_uom_unit,1,true
scenario.bom_142768,scenario.product_142768,product.product_uom_unit,1,true
scenario.bom_142769,scenario.product_142769,product.product_uom_unit,1,true
scenario.bom_142770,scenario.product_142770,product.product_uom_unit,1,true
scenario.bom_142771,scenario.product_142771,product.product_uom_unit,1,true
scenario.bom_142772,scenario.product_142772,product.product_uom_unit,1,true
scenario.bom_142773,scenario.product_142773,product.product_uom_unit,1,true
scenario.bom_142774,scenario.product_142774,product.product_uom_unit,1,true
scenario.bom_142775,scenario.product_142775,product.product_uom_unit,1,true
scenario.bom_142776,scenario.product_142776,product.product_uom_unit,1,true
scenario.bom_142777,scenario.product_142777,product.product_uom_unit,1,true
scenario.bom_142778,scenario.product_142778,product.product_uom_unit,1,true
scenario.bom_142779,scenario.product_142779,product.product_uom_unit,1,true
scenario.bom_142780,scenario.product_142780,product.product_uom_unit,1,true
scenario.bom_142781,scenario.product_142781,product.product_uom_unit,1,true
scenario.bom_142782,scenario.product_142782,product.product_uom_unit,1,true
scenario.bom_142783,scenario.product_142783,product.product_uom_unit,1,true
scenario.bom_142784,scenario.product_142784,product.product_uom_unit,1,true
scenario.bom_142785,scenario.product_142785,product.product_uom_unit,1,true
scenario.bom_142786,scenario.product_142786,product.product_uom_unit,1,true
scenario.bom_142787,scenario.product_142787,product.product_uom_unit,1,true
scenario.bom_142788,scenario.product_142788,product.product_uom_unit,1,true
scenario.bom_142789,scenario.product_142789,product.product_uom_unit,1,true
scenario.bom_142790,scenario.product_142790,product.product_uom_unit,1,true
scenario.bom_142791,scenario.product_142791,product.product_uom_unit,1,true
scenario.bom_142792,scenario.product_142792,product.product_uom_unit,1,true
scenario.bom_142793,scenario.product_142793,product.product_uom_unit,1,true
scenario.bom_142794,scenario.product_142794,product.product_uom_unit,1,true
scenario.bom_142795,scenario.product_142795,product.product_uom_unit,1,true
scenario.bom_142796,scenario.product_142796,product.product_uom_unit,1,true
scenario.bom_142797,scenario.product_142797,product.product_uom_unit,1,true
scenario.bom_142798,scenario.product_142798,product.product_uom_unit,1,true
scenario.bom_142799,scenario.product_142799,product.product_uom_unit,1,true
scenario.bom_142800,scenario.product_142800,product.product_uom_unit,1,true
scenario.bom_142801,scenario.product_142801,product.product_uom_unit,1,true
scenario.bom_142802,scenario.product_142802,product.product_uom_unit,1,true
scenario.bom_142803,scenario.product_142803,product.product_uom_unit,1,true
scenario.bom_142804,scenario.product_142804,product.product_uom_unit,1,true
scenario.bom_142805,scenario.product_142805,product.product_uom_unit,1,true
scenario.bom_142806,scenario.product_142806,product.product_uom_unit,1,true
scenario.bom_142807,scenario.product_142807,product.product_uom_unit,1,true
scenario.bom_142808,scenario.product_142808,product.product_uom_unit,1,true
scenario.bom_142809,scenario.product_142809,product.product_uom_unit,1,true
scenario.bom_142810,scenario.product_142810,product.product_uom_unit,1,true
scenario.bom_142811,scenario.product_142811,product.product_uom_unit,1,true
scenario.bom_142812,scenario.product_142812,product.product_uom_unit,1,true
scenario.bom_142813,scenario.product_142813,product.product_uom_unit,1,true
scenario.bom_142814,scenario.product_142814,product.product_uom_unit,1,true
