id,qty_multiple,name,product_uom.id,company_id:id,warehouse_id:id,location_id:id,product_id:id,product_min_qty,product_max_qty
scenario.orderpoint_141704,60,OP/00124,1,base.main_company,stock.warehouse0,stock.stock_location_stock,scenario.product_141704,10804,25209
scenario.orderpoint_141706,60,OP/00125,1,base.main_company,stock.warehouse0,stock.stock_location_stock,scenario.product_141706,2842,6632
scenario.orderpoint_141707,60,OP/00126,1,base.main_company,stock.warehouse0,stock.stock_location_stock,scenario.product_141707,158,368
scenario.orderpoint_141708,60,OP/00127,1,base.main_company,stock.warehouse0,stock.stock_location_stock,scenario.product_141708,821,1916
scenario.orderpoint_141987,1,OP/00197,1,base.main_company,stock.warehouse0,stock.stock_location_stock,scenario.product_141987,165,384
scenario.orderpoint_142077,10,OP/00231,1,base.main_company,stock.warehouse0,stock.stock_location_stock,scenario.product_142077,23,137
scenario.orderpoint_141711,75,OP/00129,1,base.main_company,stock.warehouse0,stock.stock_location_stock,scenario.product_141711,36,209
scenario.orderpoint_141712,60,OP/00130,1,base.main_company,stock.warehouse0,stock.stock_location_stock,scenario.product_141712,1415,3301
scenario.orderpoint_141729,1,OP/00143,1,base.main_company,stock.warehouse0,stock.stock_location_stock,scenario.product_141729,15725,36691
scenario.orderpoint_141730,1,OP/00144,1,base.main_company,stock.warehouse0,stock.stock_location_stock,scenario.product_141730,157,366
scenario.orderpoint_141732,1,OP/00145,1,base.main_company,stock.warehouse0,stock.stock_location_stock,scenario.product_141732,62,138
scenario.orderpoint_141733,1,OP/00146,1,base.main_company,stock.warehouse0,stock.stock_location_stock,scenario.product_141733,15201,35468
scenario.orderpoint_141734,50,OP/00147,1,base.main_company,stock.warehouse0,stock.stock_location_stock,scenario.product_141734,137,319
scenario.orderpoint_141736,1,OP/00148,1,base.main_company,stock.warehouse0,stock.stock_location_stock,scenario.product_141736,50,110
scenario.orderpoint_141713,60,OP/00131,1,base.main_company,stock.warehouse0,stock.stock_location_stock,scenario.product_141713,147,342
scenario.orderpoint_141710,60,OP/00128,1,base.main_company,stock.warehouse0,stock.stock_location_stock,scenario.product_141710,1965,4584
scenario.orderpoint_141714,60,OP/00132,1,base.main_company,stock.warehouse0,stock.stock_location_stock,scenario.product_141714,542,1264
scenario.orderpoint_142081,10,OP/00232,1,base.main_company,stock.warehouse0,stock.stock_location_stock,scenario.product_142081,6,21
scenario.orderpoint_141986,1,OP/00196,1,base.main_company,stock.warehouse0,stock.stock_location_stock,scenario.product_141986,108,253
scenario.orderpoint_141719,60,OP/00133,1,base.main_company,stock.warehouse0,stock.stock_location_stock,scenario.product_141719,3876,9044
scenario.orderpoint_141720,60,OP/00134,1,base.main_company,stock.warehouse0,stock.stock_location_stock,scenario.product_141720,978,2281
scenario.orderpoint_141721,60,OP/00135,1,base.main_company,stock.warehouse0,stock.stock_location_stock,scenario.product_141721,1608,3753
scenario.orderpoint_141722,60,OP/00136,1,base.main_company,stock.warehouse0,stock.stock_location_stock,scenario.product_141722,68,158
scenario.orderpoint_141723,60,OP/00137,1,base.main_company,stock.warehouse0,stock.stock_location_stock,scenario.product_141723,215,501
scenario.orderpoint_141259,10,OP/00013,1,base.main_company,stock.warehouse0,stock.stock_location_stock,scenario.product_141259,,
scenario.orderpoint_141261,10,OP/00015,1,base.main_company,stock.warehouse0,stock.stock_location_stock,scenario.product_141261,,
scenario.orderpoint_141260,10,OP/00014,1,base.main_company,stock.warehouse0,stock.stock_location_stock,scenario.product_141260,,
scenario.orderpoint_141379,10,OP/00031,1,base.main_company,stock.warehouse0,stock.stock_location_stock,scenario.product_141379,,
scenario.orderpoint_141657,1,OP/00105,1,base.main_company,stock.warehouse0,stock.stock_location_stock,scenario.product_141657,3,5
scenario.orderpoint_141658,1,OP/00106,1,base.main_company,stock.warehouse0,stock.stock_location_stock,scenario.product_141658,0,0
scenario.orderpoint_141659,1,OP/00107,1,base.main_company,stock.warehouse0,stock.stock_location_stock,scenario.product_141659,7,27
scenario.orderpoint_141660,1,OP/00108,1,base.main_company,stock.warehouse0,stock.stock_location_stock,scenario.product_141660,,
scenario.orderpoint_141663,60,OP/00109,1,base.main_company,stock.warehouse0,stock.stock_location_stock,scenario.product_141663,108,251
scenario.orderpoint_141680,30,OP/00110,1,base.main_company,stock.warehouse0,stock.stock_location_stock,scenario.product_141680,2606,6080
scenario.orderpoint_141681,30,OP/00111,1,base.main_company,stock.warehouse0,stock.stock_location_stock,scenario.product_141681,293,683
scenario.orderpoint_141682,30,OP/00112,1,base.main_company,stock.warehouse0,stock.stock_location_stock,scenario.product_141682,107,238
scenario.orderpoint_141683,30,OP/00113,1,base.main_company,stock.warehouse0,stock.stock_location_stock,scenario.product_141683,5147,12010
scenario.orderpoint_141684,30,OP/00114,1,base.main_company,stock.warehouse0,stock.stock_location_stock,scenario.product_141684,651,1518
scenario.orderpoint_141685,30,OP/00115,1,base.main_company,stock.warehouse0,stock.stock_location_stock,scenario.product_141685,246,574
scenario.orderpoint_141686,30,OP/00116,1,base.main_company,stock.warehouse0,stock.stock_location_stock,scenario.product_141686,351,818
scenario.orderpoint_141687,30,OP/00117,1,base.main_company,stock.warehouse0,stock.stock_location_stock,scenario.product_141687,1872,4367
scenario.orderpoint_141688,30,OP/00118,1,base.main_company,stock.warehouse0,stock.stock_location_stock,scenario.product_141688,395,921
scenario.orderpoint_141689,30,OP/00119,1,base.main_company,stock.warehouse0,stock.stock_location_stock,scenario.product_141689,168,392
scenario.orderpoint_141690,100,OP/00120,1,base.main_company,stock.warehouse0,stock.stock_location_stock,scenario.product_141690,170,396
scenario.orderpoint_141691,100,OP/00121,1,base.main_company,stock.warehouse0,stock.stock_location_stock,scenario.product_141691,26,51
scenario.orderpoint_141692,100,OP/00122,1,base.main_company,stock.warehouse0,stock.stock_location_stock,scenario.product_141692,11,23
scenario.orderpoint_141693,1,OP/00123,1,base.main_company,stock.warehouse0,stock.stock_location_stock,scenario.product_141693,23,40
scenario.orderpoint_142082,1,OP/00233,1,base.main_company,stock.warehouse0,stock.stock_location_stock,scenario.product_142082,21,38
scenario.orderpoint_141990,1,OP/00200,1,base.main_company,stock.warehouse0,stock.stock_location_stock,scenario.product_141990,31,65
scenario.orderpoint_141724,60,OP/00138,1,base.main_company,stock.warehouse0,stock.stock_location_stock,scenario.product_141724,165,386
scenario.orderpoint_141725,60,OP/00139,1,base.main_company,stock.warehouse0,stock.stock_location_stock,scenario.product_141725,350,817
scenario.orderpoint_141726,60,OP/00140,1,base.main_company,stock.warehouse0,stock.stock_location_stock,scenario.product_141726,176,410
scenario.orderpoint_141727,1,OP/00141,1,base.main_company,stock.warehouse0,stock.stock_location_stock,scenario.product_141727,4384,10229
scenario.orderpoint_141728,60,OP/00142,1,base.main_company,stock.warehouse0,stock.stock_location_stock,scenario.product_141728,991,2313
scenario.orderpoint_141737,50,OP/00149,1,base.main_company,stock.warehouse0,stock.stock_location_stock,scenario.product_141737,515,1201
scenario.orderpoint_141738,10,OP/00150,1,base.main_company,stock.warehouse0,stock.stock_location_stock,scenario.product_141738,44,84
scenario.orderpoint_141740,10,OP/00151,1,base.main_company,stock.warehouse0,stock.stock_location_stock,scenario.product_141740,11,17
scenario.orderpoint_141741,1,OP/00152,1,base.main_company,stock.warehouse0,stock.stock_location_stock,scenario.product_141741,,
scenario.orderpoint_141742,1,OP/00153,1,base.main_company,stock.warehouse0,stock.stock_location_stock,scenario.product_141742,251,586
scenario.orderpoint_141744,8,OP/00154,1,base.main_company,stock.warehouse0,stock.stock_location_stock,scenario.product_141744,68,158
scenario.orderpoint_141753,8,OP/00162,1,base.main_company,stock.warehouse0,stock.stock_location_stock,scenario.product_141753,,
scenario.orderpoint_141754,8,OP/00163,1,base.main_company,stock.warehouse0,stock.stock_location_stock,scenario.product_141754,2,3
scenario.orderpoint_141755,8,OP/00164,1,base.main_company,stock.warehouse0,stock.stock_location_stock,scenario.product_141755,18,39
scenario.orderpoint_141756,8,OP/00165,1,base.main_company,stock.warehouse0,stock.stock_location_stock,scenario.product_141756,6,8
scenario.orderpoint_141758,8,OP/00167,1,base.main_company,stock.warehouse0,stock.stock_location_stock,scenario.product_141758,137,319
scenario.orderpoint_141757,1,OP/00166,1,base.main_company,stock.warehouse0,stock.stock_location_stock,scenario.product_141757,29,55
scenario.orderpoint_141759,8,OP/00168,1,base.main_company,stock.warehouse0,stock.stock_location_stock,scenario.product_141759,61,88
scenario.orderpoint_141760,8,OP/00169,1,base.main_company,stock.warehouse0,stock.stock_location_stock,scenario.product_141760,21,35
scenario.orderpoint_141762,8,OP/00170,1,base.main_company,stock.warehouse0,stock.stock_location_stock,scenario.product_141762,1646,3841
scenario.orderpoint_141763,8,OP/00171,1,base.main_company,stock.warehouse0,stock.stock_location_stock,scenario.product_141763,263,614
scenario.orderpoint_141764,100,OP/00172,1,base.main_company,stock.warehouse0,stock.stock_location_stock,scenario.product_141764,1843,4300
scenario.orderpoint_141765,100,OP/00173,1,base.main_company,stock.warehouse0,stock.stock_location_stock,scenario.product_141765,146,340
scenario.orderpoint_141766,100,OP/00174,1,base.main_company,stock.warehouse0,stock.stock_location_stock,scenario.product_141766,234,545
scenario.orderpoint_141767,100,OP/00175,1,base.main_company,stock.warehouse0,stock.stock_location_stock,scenario.product_141767,423,986
scenario.orderpoint_141768,100,OP/00176,1,base.main_company,stock.warehouse0,stock.stock_location_stock,scenario.product_141768,17,34
scenario.orderpoint_141769,100,OP/00177,1,base.main_company,stock.warehouse0,stock.stock_location_stock,scenario.product_141769,38,88
scenario.orderpoint_141809,60,OP/00178,1,base.main_company,stock.warehouse0,stock.stock_location_stock,scenario.product_141809,4473,10436
scenario.orderpoint_141814,60,OP/00179,1,base.main_company,stock.warehouse0,stock.stock_location_stock,scenario.product_141814,1856,4330
scenario.orderpoint_141844,1,OP/00185,1,base.main_company,stock.warehouse0,stock.stock_location_stock,scenario.product_141844,450,1049
scenario.orderpoint_141961,60,OP/00186,1,base.main_company,stock.warehouse0,stock.stock_location_stock,scenario.product_141961,934,2180
scenario.orderpoint_141964,1,OP/00187,1,base.main_company,stock.warehouse0,stock.stock_location_stock,scenario.product_141964,295,689
scenario.orderpoint_141969,60,OP/00188,1,base.main_company,stock.warehouse0,stock.stock_location_stock,scenario.product_141969,187,437
scenario.orderpoint_141988,1,OP/00198,1,base.main_company,stock.warehouse0,stock.stock_location_stock,scenario.product_141988,14,24
scenario.orderpoint_141977,1,OP/00189,1,base.main_company,stock.warehouse0,stock.stock_location_stock,scenario.product_141977,,
scenario.orderpoint_141978,10,OP/00190,1,base.main_company,stock.warehouse0,stock.stock_location_stock,scenario.product_141978,5,5
scenario.orderpoint_141979,10,OP/00191,1,base.main_company,stock.warehouse0,stock.stock_location_stock,scenario.product_141979,,
scenario.orderpoint_141980,100,OP/00192,1,base.main_company,stock.warehouse0,stock.stock_location_stock,scenario.product_141980,72,168
scenario.orderpoint_141981,1,OP/00193,1,base.main_company,stock.warehouse0,stock.stock_location_stock,scenario.product_141981,6,8
scenario.orderpoint_141982,1,OP/00194,1,base.main_company,stock.warehouse0,stock.stock_location_stock,scenario.product_141982,6,12
scenario.orderpoint_141983,1,OP/00195,1,base.main_company,stock.warehouse0,stock.stock_location_stock,scenario.product_141983,11,14
scenario.orderpoint_141994,1,OP/00201,1,base.main_company,stock.warehouse0,stock.stock_location_stock,scenario.product_141994,17,27
scenario.orderpoint_141995,1,OP/00202,1,base.main_company,stock.warehouse0,stock.stock_location_stock,scenario.product_141995,11,21
scenario.orderpoint_141996,1,OP/00203,1,base.main_company,stock.warehouse0,stock.stock_location_stock,scenario.product_141996,5,5
scenario.orderpoint_141997,1,OP/00204,1,base.main_company,stock.warehouse0,stock.stock_location_stock,scenario.product_141997,12,21
scenario.orderpoint_141998,1,OP/00205,1,base.main_company,stock.warehouse0,stock.stock_location_stock,scenario.product_141998,24,51
scenario.orderpoint_141999,1,OP/00206,1,base.main_company,stock.warehouse0,stock.stock_location_stock,scenario.product_141999,8,10
scenario.orderpoint_142000,1,OP/00207,1,base.main_company,stock.warehouse0,stock.stock_location_stock,scenario.product_142000,0,0
scenario.orderpoint_142001,1,OP/00208,1,base.main_company,stock.warehouse0,stock.stock_location_stock,scenario.product_142001,14,23
scenario.orderpoint_142007,1,OP/00210,1,base.main_company,stock.warehouse0,stock.stock_location_stock,scenario.product_142007,24,43
scenario.orderpoint_142006,1,OP/00209,1,base.main_company,stock.warehouse0,stock.stock_location_stock,scenario.product_142006,25,41
scenario.orderpoint_142008,1,OP/00211,1,base.main_company,stock.warehouse0,stock.stock_location_stock,scenario.product_142008,18,22
scenario.orderpoint_142027,1,OP/00219,1,base.main_company,stock.warehouse0,stock.stock_location_stock,scenario.product_142027,50,116
scenario.orderpoint_142219,1,OP/00246,1,base.main_company,stock.warehouse0,stock.stock_location_stock,scenario.product_142219,,
scenario.orderpoint_142220,1,OP/00247,1,base.main_company,stock.warehouse0,stock.stock_location_stock,scenario.product_142220,13,29
scenario.orderpoint_142221,10,OP/00248,1,base.main_company,stock.warehouse0,stock.stock_location_stock,scenario.product_142221,,
scenario.orderpoint_142226,10,OP/00250,1,base.main_company,stock.warehouse0,stock.stock_location_stock,scenario.product_142226,11,15
scenario.orderpoint_142227,1,OP/00251,1,base.main_company,stock.warehouse0,stock.stock_location_stock,scenario.product_142227,0,0
scenario.orderpoint_142228,1,OP/00252,1,base.main_company,stock.warehouse0,stock.stock_location_stock,scenario.product_142228,18,25
scenario.orderpoint_142229,1,OP/00253,1,base.main_company,stock.warehouse0,stock.stock_location_stock,scenario.product_142229,0,0
scenario.orderpoint_142249,60,OP/00266,1,base.main_company,stock.warehouse0,stock.stock_location_stock,scenario.product_142249,108,253
scenario.orderpoint_142253,1,OP/00267,1,base.main_company,stock.warehouse0,stock.stock_location_stock,scenario.product_142253,,
scenario.orderpoint_142088,1,OP/00239,1,base.main_company,stock.warehouse0,stock.stock_location_stock,scenario.product_142088,,
scenario.orderpoint_142089,1,OP/00240,1,base.main_company,stock.warehouse0,stock.stock_location_stock,scenario.product_142089,,
scenario.orderpoint_142090,1,OP/00241,1,base.main_company,stock.warehouse0,stock.stock_location_stock,scenario.product_142090,,
scenario.orderpoint_142276,1,OP/00275,1,base.main_company,stock.warehouse0,stock.stock_location_stock,scenario.product_142276,8,14
scenario.orderpoint_142281,1,OP/00276,1,base.main_company,stock.warehouse0,stock.stock_location_stock,scenario.product_142281,54,111
scenario.orderpoint_142265,1,OP/00273,1,base.main_company,stock.warehouse0,stock.stock_location_stock,scenario.product_142265,66,197
scenario.orderpoint_142266,1,OP/00274,1,base.main_company,stock.warehouse0,stock.stock_location_stock,scenario.product_142266,123,368
scenario.orderpoint_142261,1,OP/00272,1,base.main_company,stock.warehouse0,stock.stock_location_stock,scenario.product_142261,,
scenario.orderpoint_141597,60,OP/00077,1,base.main_company,stock.warehouse0,stock.stock_location_stock,scenario.product_141597,2926,6828
scenario.orderpoint_141601,60,OP/00078,1,base.main_company,stock.warehouse0,stock.stock_location_stock,scenario.product_141601,580,1354
scenario.orderpoint_141602,1,OP/00079,1,base.main_company,stock.warehouse0,stock.stock_location_stock,scenario.product_141602,8,31
scenario.orderpoint_141603,1,OP/00080,1,base.main_company,stock.warehouse0,stock.stock_location_stock,scenario.product_141603,2,3
scenario.orderpoint_141604,1,OP/00081,1,base.main_company,stock.warehouse0,stock.stock_location_stock,scenario.product_141604,0,0
scenario.orderpoint_141605,1,OP/00082,1,base.main_company,stock.warehouse0,stock.stock_location_stock,scenario.product_141605,,
scenario.orderpoint_141607,1,OP/00083,1,base.main_company,stock.warehouse0,stock.stock_location_stock,scenario.product_141607,,
scenario.orderpoint_141608,1,OP/00084,1,base.main_company,stock.warehouse0,stock.stock_location_stock,scenario.product_141608,,
scenario.orderpoint_141609,1,OP/00085,1,base.main_company,stock.warehouse0,stock.stock_location_stock,scenario.product_141609,7,36
scenario.orderpoint_141610,1,OP/00086,1,base.main_company,stock.warehouse0,stock.stock_location_stock,scenario.product_141610,0,2
scenario.orderpoint_141611,1,OP/00087,1,base.main_company,stock.warehouse0,stock.stock_location_stock,scenario.product_141611,,
scenario.orderpoint_141612,20,OP/00088,1,base.main_company,stock.warehouse0,stock.stock_location_stock,scenario.product_141612,91,272
scenario.orderpoint_141613,1,OP/00089,1,base.main_company,stock.warehouse0,stock.stock_location_stock,scenario.product_141613,3,5
scenario.orderpoint_141614,1,OP/00090,1,base.main_company,stock.warehouse0,stock.stock_location_stock,scenario.product_141614,0,0
scenario.orderpoint_141615,1,OP/00091,1,base.main_company,stock.warehouse0,stock.stock_location_stock,scenario.product_141615,,
scenario.orderpoint_141616,1,OP/00092,1,base.main_company,stock.warehouse0,stock.stock_location_stock,scenario.product_141616,,
scenario.orderpoint_141617,1,OP/00093,1,base.main_company,stock.warehouse0,stock.stock_location_stock,scenario.product_141617,,
scenario.orderpoint_141622,1,OP/00094,1,base.main_company,stock.warehouse0,stock.stock_location_stock,scenario.product_141622,1,2
scenario.orderpoint_141624,1,OP/00095,1,base.main_company,stock.warehouse0,stock.stock_location_stock,scenario.product_141624,1162,2711
scenario.orderpoint_141628,1,OP/00096,1,base.main_company,stock.warehouse0,stock.stock_location_stock,scenario.product_141628,246,574
scenario.orderpoint_141629,1,OP/00097,1,base.main_company,stock.warehouse0,stock.stock_location_stock,scenario.product_141629,54,115
scenario.orderpoint_141630,1,OP/00098,1,base.main_company,stock.warehouse0,stock.stock_location_stock,scenario.product_141630,219,511
scenario.orderpoint_141631,1,OP/00099,1,base.main_company,stock.warehouse0,stock.stock_location_stock,scenario.product_141631,52,104
scenario.orderpoint_141632,1,OP/00100,1,base.main_company,stock.warehouse0,stock.stock_location_stock,scenario.product_141632,18,34
scenario.orderpoint_141633,1,OP/00101,1,base.main_company,stock.warehouse0,stock.stock_location_stock,scenario.product_141633,46,103
scenario.orderpoint_141634,1,OP/00102,1,base.main_company,stock.warehouse0,stock.stock_location_stock,scenario.product_141634,100,233
scenario.orderpoint_141635,1,OP/00103,1,base.main_company,stock.warehouse0,stock.stock_location_stock,scenario.product_141635,35,69
scenario.orderpoint_141636,1,OP/00104,1,base.main_company,stock.warehouse0,stock.stock_location_stock,scenario.product_141636,14,29
scenario.orderpoint_142222,10,OP/00249,1,base.main_company,stock.warehouse0,stock.stock_location_stock,scenario.product_142222,,
scenario.orderpoint_142254,1,OP/00268,1,base.main_company,stock.warehouse0,stock.stock_location_stock,scenario.product_142254,191,762
scenario.orderpoint_142255,1,OP/00269,1,base.main_company,stock.warehouse0,stock.stock_location_stock,scenario.product_142255,4,8
scenario.orderpoint_141508,10,OP/00060,1,base.main_company,stock.warehouse0,stock.stock_location_stock,scenario.product_141508,403,2366
scenario.orderpoint_141559,10,OP/00064,1,base.main_company,stock.warehouse0,stock.stock_location_stock,scenario.product_141559,2,3
scenario.orderpoint_141574,1,OP/00068,1,base.main_company,stock.warehouse0,stock.stock_location_stock,scenario.product_141574,,
scenario.orderpoint_141228,8,OP/00011,1,base.main_company,stock.warehouse0,stock.stock_location_stock,scenario.product_141228,6,28
scenario.orderpoint_141234,1,OP/00012,1,base.main_company,stock.warehouse0,stock.stock_location_stock,scenario.product_141234,0,1
scenario.orderpoint_141424,48,OP/00040,1,base.main_company,stock.warehouse0,stock.stock_location_stock,scenario.product_141424,1368,3192
scenario.orderpoint_141425,48,OP/00041,1,base.main_company,stock.warehouse0,stock.stock_location_stock,scenario.product_141425,215,501
scenario.orderpoint_141284,20,OP/00020,1,base.main_company,stock.warehouse0,stock.stock_location_stock,scenario.product_141284,183,428
scenario.orderpoint_141286,20,OP/00022,1,base.main_company,stock.warehouse0,stock.stock_location_stock,scenario.product_141286,26,61
scenario.orderpoint_141385,4,OP/00033,1,base.main_company,stock.warehouse0,stock.stock_location_stock,scenario.product_141385,35,78
scenario.orderpoint_141285,20,OP/00021,1,base.main_company,stock.warehouse0,stock.stock_location_stock,scenario.product_141285,137,319
scenario.orderpoint_141287,20,OP/00023,1,base.main_company,stock.warehouse0,stock.stock_location_stock,scenario.product_141287,26,61
scenario.orderpoint_141386,4,OP/00034,1,base.main_company,stock.warehouse0,stock.stock_location_stock,scenario.product_141386,24,47
scenario.orderpoint_141192,20,OP/00006,1,base.main_company,stock.warehouse0,stock.stock_location_stock,scenario.product_141192,43,100
scenario.orderpoint_141273,10,OP/00018,1,base.main_company,stock.warehouse0,stock.stock_location_stock,scenario.product_141273,,
scenario.orderpoint_141213,10,OP/00009,1,base.main_company,stock.warehouse0,stock.stock_location_stock,scenario.product_141213,,
scenario.orderpoint_141214,1,OP/00010,1,base.main_company,stock.warehouse0,stock.stock_location_stock,scenario.product_141214,,
scenario.orderpoint_141310,10,OP/00026,1,base.main_company,stock.warehouse0,stock.stock_location_stock,scenario.product_141310,,
scenario.orderpoint_141326,1,OP/00029,1,base.main_company,stock.warehouse0,stock.stock_location_stock,scenario.product_141326,,
scenario.orderpoint_141327,1,OP/00030,1,base.main_company,stock.warehouse0,stock.stock_location_stock,scenario.product_141327,,
scenario.orderpoint_141412,1,OP/00038,1,base.main_company,stock.warehouse0,stock.stock_location_stock,scenario.product_141412,,
scenario.orderpoint_141568,1,OP/00065,1,base.main_company,stock.warehouse0,stock.stock_location_stock,scenario.product_141568,8,14
scenario.orderpoint_141569,1,OP/00066,1,base.main_company,stock.warehouse0,stock.stock_location_stock,scenario.product_141569,5,6
scenario.orderpoint_141469,8,OP/00049,1,base.main_company,stock.warehouse0,stock.stock_location_stock,scenario.product_141469,84,195
scenario.orderpoint_141426,8,OP/00042,1,base.main_company,stock.warehouse0,stock.stock_location_stock,scenario.product_141426,102,238
scenario.orderpoint_141470,8,OP/00050,1,base.main_company,stock.warehouse0,stock.stock_location_stock,scenario.product_141470,80,187
scenario.orderpoint_141427,8,OP/00043,1,base.main_company,stock.warehouse0,stock.stock_location_stock,scenario.product_141427,176,410
scenario.orderpoint_141266,200,OP/00017,1,base.main_company,stock.warehouse0,stock.stock_location_stock,scenario.product_141266,872,2035
scenario.orderpoint_141409,100,OP/00036,1,base.main_company,stock.warehouse0,stock.stock_location_stock,scenario.product_141409,94,219
scenario.orderpoint_141278,1,OP/00019,1,base.main_company,stock.warehouse0,stock.stock_location_stock,scenario.product_141278,0,8
scenario.orderpoint_141573,100,OP/00067,1,base.main_company,stock.warehouse0,stock.stock_location_stock,scenario.product_141573,590,1377
scenario.orderpoint_141307,60,OP/00024,1,base.main_company,stock.warehouse0,stock.stock_location_stock,scenario.product_141307,408,952
scenario.orderpoint_141382,60,OP/00032,1,base.main_company,stock.warehouse0,stock.stock_location_stock,scenario.product_141382,614,1432
scenario.orderpoint_141452,75,OP/00045,1,base.main_company,stock.warehouse0,stock.stock_location_stock,scenario.product_141452,19,40
scenario.orderpoint_141413,1,OP/00039,1,base.main_company,stock.warehouse0,stock.stock_location_stock,scenario.product_141413,90,209
scenario.orderpoint_141309,100,OP/00025,1,base.main_company,stock.warehouse0,stock.stock_location_stock,scenario.product_141309,56,130
scenario.orderpoint_141488,60,OP/00056,1,base.main_company,stock.warehouse0,stock.stock_location_stock,scenario.product_141488,254,593
scenario.orderpoint_141453,75,OP/00046,1,base.main_company,stock.warehouse0,stock.stock_location_stock,scenario.product_141453,18,40
scenario.orderpoint_141492,100,OP/00058,1,base.main_company,stock.warehouse0,stock.stock_location_stock,scenario.product_141492,114,253
scenario.orderpoint_141408,40,OP/00035,1,base.main_company,stock.warehouse0,stock.stock_location_stock,scenario.product_141408,72,159
scenario.orderpoint_141489,75,OP/00057,1,base.main_company,stock.warehouse0,stock.stock_location_stock,scenario.product_141489,186,392
scenario.orderpoint_141487,60,OP/00055,1,base.main_company,stock.warehouse0,stock.stock_location_stock,scenario.product_141487,60,119
scenario.orderpoint_141507,1,OP/00059,1,base.main_company,stock.warehouse0,stock.stock_location_stock,scenario.product_141507,9,16
scenario.orderpoint_141476,75,OP/00054,1,base.main_company,stock.warehouse0,stock.stock_location_stock,scenario.product_141476,172,401
scenario.orderpoint_141475,60,OP/00053,1,base.main_company,stock.warehouse0,stock.stock_location_stock,scenario.product_141475,82,182
scenario.orderpoint_141456,1,OP/00048,1,base.main_company,stock.warehouse0,stock.stock_location_stock,scenario.product_141456,0,0
scenario.orderpoint_141455,1,OP/00047,1,base.main_company,stock.warehouse0,stock.stock_location_stock,scenario.product_141455,,
scenario.orderpoint_141138,1,OP/00004,1,base.main_company,stock.warehouse0,stock.stock_location_stock,scenario.product_141138,94,355
scenario.orderpoint_141139,1,OP/00005,1,base.main_company,stock.warehouse0,stock.stock_location_stock,scenario.product_141139,113,425
scenario.orderpoint_141989,1,OP/00199,1,base.main_company,stock.warehouse0,stock.stock_location_stock,scenario.product_141989,2,3
scenario.orderpoint_141131,10,OP/00001,1,base.main_company,stock.warehouse0,stock.stock_location_stock,scenario.product_141131,149,347
scenario.orderpoint_141410,100,OP/00037,1,base.main_company,stock.warehouse0,stock.stock_location_stock,scenario.product_141410,55,129
scenario.orderpoint_141194,4,OP/00007,1,base.main_company,stock.warehouse0,stock.stock_location_stock,scenario.product_141194,,
scenario.orderpoint_141132,8,OP/00002,1,base.main_company,stock.warehouse0,stock.stock_location_stock,scenario.product_141132,94,219
scenario.orderpoint_141133,8,OP/00003,1,base.main_company,stock.warehouse0,stock.stock_location_stock,scenario.product_141133,63,134
scenario.orderpoint_141195,4,OP/00008,1,base.main_company,stock.warehouse0,stock.stock_location_stock,scenario.product_141195,,
scenario.orderpoint_141471,1,OP/00051,1,base.main_company,stock.warehouse0,stock.stock_location_stock,scenario.product_141471,436,1018
scenario.orderpoint_141472,1,OP/00052,1,base.main_company,stock.warehouse0,stock.stock_location_stock,scenario.product_141472,542,1264
scenario.orderpoint_141576,1,OP/00069,1,base.main_company,stock.warehouse0,stock.stock_location_stock,scenario.product_141576,483,1127
scenario.orderpoint_142015,1,OP/00212,1,base.main_company,stock.warehouse0,stock.stock_location_stock,scenario.product_142015,84,186
scenario.orderpoint_141589,1,OP/00072,1,base.main_company,stock.warehouse0,stock.stock_location_stock,scenario.product_141589,0,87
scenario.orderpoint_141590,1,OP/00073,1,base.main_company,stock.warehouse0,stock.stock_location_stock,scenario.product_141590,0,8
scenario.orderpoint_141591,1,OP/00074,1,base.main_company,stock.warehouse0,stock.stock_location_stock,scenario.product_141591,0,5
scenario.orderpoint_141592,1,OP/00075,1,base.main_company,stock.warehouse0,stock.stock_location_stock,scenario.product_141592,0,2
scenario.orderpoint_141594,100,OP/00076,1,base.main_company,stock.warehouse0,stock.stock_location_stock,scenario.product_141594,1174,2478
scenario.orderpoint_141262,9,OP/00016,1,base.main_company,stock.warehouse0,stock.stock_location_stock,scenario.product_141262,66,155
scenario.orderpoint_141430,1,OP/00044,1,base.main_company,stock.warehouse0,stock.stock_location_stock,scenario.product_141430,,
scenario.orderpoint_141314,1,OP/00027,1,base.main_company,stock.warehouse0,stock.stock_location_stock,scenario.product_141314,,
scenario.orderpoint_141315,1,OP/00028,1,base.main_company,stock.warehouse0,stock.stock_location_stock,scenario.product_141315,2,3
scenario.orderpoint_141580,60,OP/00071,1,base.main_company,stock.warehouse0,stock.stock_location_stock,scenario.product_141580,3,4
scenario.orderpoint_141578,100,OP/00070,1,base.main_company,stock.warehouse0,stock.stock_location_stock,scenario.product_141578,6,10
scenario.orderpoint_141553,1,OP/00061,1,base.main_company,stock.warehouse0,stock.stock_location_stock,scenario.product_141553,81,181
scenario.orderpoint_141554,1,OP/00062,1,base.main_company,stock.warehouse0,stock.stock_location_stock,scenario.product_141554,6,10
scenario.orderpoint_141555,1,OP/00063,1,base.main_company,stock.warehouse0,stock.stock_location_stock,scenario.product_141555,31,62
scenario.orderpoint_142016,1,OP/00213,1,base.main_company,stock.warehouse0,stock.stock_location_stock,scenario.product_142016,0,0
scenario.orderpoint_141819,60,OP/00180,1,base.main_company,stock.warehouse0,stock.stock_location_stock,scenario.product_141819,305,711
scenario.orderpoint_141824,60,OP/00181,1,base.main_company,stock.warehouse0,stock.stock_location_stock,scenario.product_141824,3273,7636
scenario.orderpoint_141829,60,OP/00182,1,base.main_company,stock.warehouse0,stock.stock_location_stock,scenario.product_141829,135,316
scenario.orderpoint_141834,60,OP/00183,1,base.main_company,stock.warehouse0,stock.stock_location_stock,scenario.product_141834,452,1055
scenario.orderpoint_141839,60,OP/00184,1,base.main_company,stock.warehouse0,stock.stock_location_stock,scenario.product_141839,246,575
scenario.orderpoint_142287,1,OP/00277,1,base.main_company,stock.warehouse0,stock.stock_location_stock,scenario.product_142287,25,176
scenario.orderpoint_142324,1,OP/00291,1,base.main_company,stock.warehouse0,stock.stock_location_stock,scenario.product_142324,0,48
scenario.orderpoint_142291,100,OP/00278,1,base.main_company,stock.warehouse0,stock.stock_location_stock,scenario.product_142291,205,462
scenario.orderpoint_142292,10,OP/00279,1,base.main_company,stock.warehouse0,stock.stock_location_stock,scenario.product_142292,8,19
scenario.orderpoint_142294,1,OP/00280,1,base.main_company,stock.warehouse0,stock.stock_location_stock,scenario.product_142294,61,125
scenario.orderpoint_142295,1,OP/00281,1,base.main_company,stock.warehouse0,stock.stock_location_stock,scenario.product_142295,26,54
scenario.orderpoint_142297,1,OP/00282,1,base.main_company,stock.warehouse0,stock.stock_location_stock,scenario.product_142297,,
scenario.orderpoint_142298,1,OP/00283,1,base.main_company,stock.warehouse0,stock.stock_location_stock,scenario.product_142298,0,0
scenario.orderpoint_142300,1,OP/00284,1,base.main_company,stock.warehouse0,stock.stock_location_stock,scenario.product_142300,64,170
scenario.orderpoint_142232,1,OP/00254,1,base.main_company,stock.warehouse0,stock.stock_location_stock,scenario.product_142232,0,0
scenario.orderpoint_142233,1,OP/00255,1,base.main_company,stock.warehouse0,stock.stock_location_stock,scenario.product_142233,170,302
scenario.orderpoint_142235,1,OP/00256,1,base.main_company,stock.warehouse0,stock.stock_location_stock,scenario.product_142235,50,75
scenario.orderpoint_142236,1,OP/00257,1,base.main_company,stock.warehouse0,stock.stock_location_stock,scenario.product_142236,,
scenario.orderpoint_142237,1,OP/00258,1,base.main_company,stock.warehouse0,stock.stock_location_stock,scenario.product_142237,,
scenario.orderpoint_142302,40,OP/00285,1,base.main_company,stock.warehouse0,stock.stock_location_stock,scenario.product_142302,26,63
scenario.orderpoint_142306,1,OP/00286,1,base.main_company,stock.warehouse0,stock.stock_location_stock,scenario.product_142306,2,3
scenario.orderpoint_142256,1,OP/00270,1,base.main_company,stock.warehouse0,stock.stock_location_stock,scenario.product_142256,182,425
scenario.orderpoint_142319,1,OP/00287,1,base.main_company,stock.warehouse0,stock.stock_location_stock,scenario.product_142319,73,162
scenario.orderpoint_142320,1,OP/00288,1,base.main_company,stock.warehouse0,stock.stock_location_stock,scenario.product_142320,,
scenario.orderpoint_142321,60,OP/00289,1,base.main_company,stock.warehouse0,stock.stock_location_stock,scenario.product_142321,7168,16725
scenario.orderpoint_142323,1,OP/00290,1,base.main_company,stock.warehouse0,stock.stock_location_stock,scenario.product_142323,28,59
scenario.orderpoint_142332,1,OP/00292,1,base.main_company,stock.warehouse0,stock.stock_location_stock,scenario.product_142332,9,11
scenario.orderpoint_142333,1,OP/00293,1,base.main_company,stock.warehouse0,stock.stock_location_stock,scenario.product_142333,44,126
scenario.orderpoint_142339,100,OP/00296,1,base.main_company,stock.warehouse0,stock.stock_location_stock,scenario.product_142339,699,1631
scenario.orderpoint_142340,100,OP/00297,1,base.main_company,stock.warehouse0,stock.stock_location_stock,scenario.product_142340,100,233
scenario.orderpoint_142342,1,OP/00298,1,base.main_company,stock.warehouse0,stock.stock_location_stock,scenario.product_142342,170,397
scenario.orderpoint_142344,60,OP/00299,1,base.main_company,stock.warehouse0,stock.stock_location_stock,scenario.product_142344,2738,6389
scenario.orderpoint_142356,100,OP/00300,1,base.main_company,stock.warehouse0,stock.stock_location_stock,scenario.product_142356,93,206
scenario.orderpoint_142366,1,OP/00301,1,base.main_company,stock.warehouse0,stock.stock_location_stock,scenario.product_142366,,
scenario.orderpoint_142367,1,OP/00302,1,base.main_company,stock.warehouse0,stock.stock_location_stock,scenario.product_142367,69,162
scenario.orderpoint_142241,1,OP/00259,1,base.main_company,stock.warehouse0,stock.stock_location_stock,scenario.product_142241,0,0
scenario.orderpoint_142242,1,OP/00260,1,base.main_company,stock.warehouse0,stock.stock_location_stock,scenario.product_142242,9,12
scenario.orderpoint_142243,1,OP/00261,1,base.main_company,stock.warehouse0,stock.stock_location_stock,scenario.product_142243,0,0
scenario.orderpoint_142244,1,OP/00262,1,base.main_company,stock.warehouse0,stock.stock_location_stock,scenario.product_142244,50,94
scenario.orderpoint_142245,1,OP/00263,1,base.main_company,stock.warehouse0,stock.stock_location_stock,scenario.product_142245,,
scenario.orderpoint_142246,1,OP/00264,1,base.main_company,stock.warehouse0,stock.stock_location_stock,scenario.product_142246,,
scenario.orderpoint_142445,1,OP/00310,1,base.main_company,stock.warehouse0,stock.stock_location_stock,scenario.product_142445,10,15
scenario.orderpoint_142446,1,OP/00311,1,base.main_company,stock.warehouse0,stock.stock_location_stock,scenario.product_142446,5,5
scenario.orderpoint_142447,1,OP/00312,1,base.main_company,stock.warehouse0,stock.stock_location_stock,scenario.product_142447,150,200
scenario.orderpoint_142448,1,OP/00313,1,base.main_company,stock.warehouse0,stock.stock_location_stock,scenario.product_142448,72,104
scenario.orderpoint_142449,1,OP/00314,1,base.main_company,stock.warehouse0,stock.stock_location_stock,scenario.product_142449,18,35
scenario.orderpoint_142457,1,OP/00317,1,base.main_company,stock.warehouse0,stock.stock_location_stock,scenario.product_142457,42,99
scenario.orderpoint_142468,1,OP/00318,1,base.main_company,stock.warehouse0,stock.stock_location_stock,scenario.product_142468,65,194
scenario.orderpoint_142248,1,OP/00265,1,base.main_company,stock.warehouse0,stock.stock_location_stock,scenario.product_142248,,
scenario.orderpoint_142635,1,OP/00378,1,base.main_company,stock.warehouse0,stock.stock_location_stock,scenario.product_142635,59,89
scenario.orderpoint_142639,1,OP/00379,1,base.main_company,stock.warehouse0,stock.stock_location_stock,scenario.product_142639,229,860
scenario.orderpoint_142642,1,OP/00380,1,base.main_company,stock.warehouse0,stock.stock_location_stock,scenario.product_142642,1,2
scenario.orderpoint_142643,1,OP/00381,1,base.main_company,stock.warehouse0,stock.stock_location_stock,scenario.product_142643,57,142
scenario.orderpoint_141745,1,OP/00155,1,base.main_company,stock.warehouse0,stock.stock_location_stock,scenario.product_141745,130,304
scenario.orderpoint_141746,8,OP/00156,1,base.main_company,stock.warehouse0,stock.stock_location_stock,scenario.product_141746,16,36
scenario.orderpoint_141747,8,OP/00157,1,base.main_company,stock.warehouse0,stock.stock_location_stock,scenario.product_141747,6,10
scenario.orderpoint_141748,8,OP/00158,1,base.main_company,stock.warehouse0,stock.stock_location_stock,scenario.product_141748,330,770
scenario.orderpoint_141749,1,OP/00159,1,base.main_company,stock.warehouse0,stock.stock_location_stock,scenario.product_141749,62,104
scenario.orderpoint_141750,8,OP/00160,1,base.main_company,stock.warehouse0,stock.stock_location_stock,scenario.product_141750,,
scenario.orderpoint_141751,8,OP/00161,1,base.main_company,stock.warehouse0,stock.stock_location_stock,scenario.product_141751,12,21
scenario.orderpoint_142472,60,OP/00319,1,base.main_company,stock.warehouse0,stock.stock_location_stock,scenario.product_142472,21,32
scenario.orderpoint_142473,1,OP/00320,1,base.main_company,stock.warehouse0,stock.stock_location_stock,scenario.product_142473,0,31
scenario.orderpoint_142480,1,OP/00321,1,base.main_company,stock.warehouse0,stock.stock_location_stock,scenario.product_142480,5,6
scenario.orderpoint_142481,1,OP/00322,1,base.main_company,stock.warehouse0,stock.stock_location_stock,scenario.product_142481,,
scenario.orderpoint_142516,1,OP/00339,1,base.main_company,stock.warehouse0,stock.stock_location_stock,scenario.product_142516,5,14
scenario.orderpoint_142487,1,OP/00324,1,base.main_company,stock.warehouse0,stock.stock_location_stock,scenario.product_142487,273,818
scenario.orderpoint_142491,40,OP/00325,1,base.main_company,stock.warehouse0,stock.stock_location_stock,scenario.product_142491,190,422
scenario.orderpoint_142492,40,OP/00326,1,base.main_company,stock.warehouse0,stock.stock_location_stock,scenario.product_142492,32,74
scenario.orderpoint_142496,1,OP/00329,1,base.main_company,stock.warehouse0,stock.stock_location_stock,scenario.product_142496,24,50
scenario.orderpoint_142497,1,OP/00330,1,base.main_company,stock.warehouse0,stock.stock_location_stock,scenario.product_142497,140,327
scenario.orderpoint_142498,1,OP/00331,1,base.main_company,stock.warehouse0,stock.stock_location_stock,scenario.product_142498,26,52
scenario.orderpoint_142500,1,OP/00332,1,base.main_company,stock.warehouse0,stock.stock_location_stock,scenario.product_142500,,
scenario.orderpoint_142501,1,OP/00333,1,base.main_company,stock.warehouse0,stock.stock_location_stock,scenario.product_142501,6,8
scenario.orderpoint_142502,1,OP/00334,1,base.main_company,stock.warehouse0,stock.stock_location_stock,scenario.product_142502,26,60
scenario.orderpoint_142508,1,OP/00336,1,base.main_company,stock.warehouse0,stock.stock_location_stock,scenario.product_142508,39,155
scenario.orderpoint_142509,1,OP/00337,1,base.main_company,stock.warehouse0,stock.stock_location_stock,scenario.product_142509,33,123
scenario.orderpoint_142494,1,OP/00327,1,base.main_company,stock.warehouse0,stock.stock_location_stock,scenario.product_142494,,
scenario.orderpoint_142495,1,OP/00328,1,base.main_company,stock.warehouse0,stock.stock_location_stock,scenario.product_142495,82,173
scenario.orderpoint_142503,1,OP/00335,1,base.main_company,stock.warehouse0,stock.stock_location_stock,scenario.product_142503,1479,3451
scenario.orderpoint_142091,100,OP/00242,1,base.main_company,stock.warehouse0,stock.stock_location_stock,scenario.product_142091,2407,5617
scenario.orderpoint_142092,100,OP/00243,1,base.main_company,stock.warehouse0,stock.stock_location_stock,scenario.product_142092,719,1677
scenario.orderpoint_142093,100,OP/00244,1,base.main_company,stock.warehouse0,stock.stock_location_stock,scenario.product_142093,10,18
scenario.orderpoint_142094,100,OP/00245,1,base.main_company,stock.warehouse0,stock.stock_location_stock,scenario.product_142094,206,480
scenario.orderpoint_142515,1,OP/00338,1,base.main_company,stock.warehouse0,stock.stock_location_stock,scenario.product_142515,43,173
scenario.orderpoint_142517,1,OP/00340,1,base.main_company,stock.warehouse0,stock.stock_location_stock,scenario.product_142517,9,35
scenario.orderpoint_142540,1,OP/00349,1,base.main_company,stock.warehouse0,stock.stock_location_stock,scenario.product_142540,17,39
scenario.orderpoint_142518,1,OP/00341,1,base.main_company,stock.warehouse0,stock.stock_location_stock,scenario.product_142518,16,63
scenario.orderpoint_142519,1,OP/00342,1,base.main_company,stock.warehouse0,stock.stock_location_stock,scenario.product_142519,5,5
scenario.orderpoint_142520,1,OP/00343,1,base.main_company,stock.warehouse0,stock.stock_location_stock,scenario.product_142520,5,5
scenario.orderpoint_142521,100,OP/00344,1,base.main_company,stock.warehouse0,stock.stock_location_stock,scenario.product_142521,181,724
scenario.orderpoint_142523,1,OP/00345,1,base.main_company,stock.warehouse0,stock.stock_location_stock,scenario.product_142523,64,240
scenario.orderpoint_142028,1,OP/00220,1,base.main_company,stock.warehouse0,stock.stock_location_stock,scenario.product_142028,36,40
scenario.orderpoint_142029,48,OP/00221,1,base.main_company,stock.warehouse0,stock.stock_location_stock,scenario.product_142029,233,544
scenario.orderpoint_142030,1,OP/00222,1,base.main_company,stock.warehouse0,stock.stock_location_stock,scenario.product_142030,45,104
scenario.orderpoint_142031,48,OP/00223,1,base.main_company,stock.warehouse0,stock.stock_location_stock,scenario.product_142031,2405,5611
scenario.orderpoint_142083,1,OP/00234,1,base.main_company,stock.warehouse0,stock.stock_location_stock,scenario.product_142083,9,10
scenario.orderpoint_142084,1,OP/00235,1,base.main_company,stock.warehouse0,stock.stock_location_stock,scenario.product_142084,59,78
scenario.orderpoint_142085,1,OP/00236,1,base.main_company,stock.warehouse0,stock.stock_location_stock,scenario.product_142085,6,8
scenario.orderpoint_142036,1,OP/00224,1,base.main_company,stock.warehouse0,stock.stock_location_stock,scenario.product_142036,103,217
scenario.orderpoint_142044,1,OP/00225,1,base.main_company,stock.warehouse0,stock.stock_location_stock,scenario.product_142044,52,110
scenario.orderpoint_142052,1,OP/00226,1,base.main_company,stock.warehouse0,stock.stock_location_stock,scenario.product_142052,78,112
scenario.orderpoint_142053,1,OP/00227,1,base.main_company,stock.warehouse0,stock.stock_location_stock,scenario.product_142053,47,73
scenario.orderpoint_142055,1,OP/00228,1,base.main_company,stock.warehouse0,stock.stock_location_stock,scenario.product_142055,54,119
scenario.orderpoint_142074,1,OP/00229,1,base.main_company,stock.warehouse0,stock.stock_location_stock,scenario.product_142074,29,54
scenario.orderpoint_142076,1,OP/00230,1,base.main_company,stock.warehouse0,stock.stock_location_stock,scenario.product_142076,,
scenario.orderpoint_142086,1,OP/00237,1,base.main_company,stock.warehouse0,stock.stock_location_stock,scenario.product_142086,11,14
scenario.orderpoint_142087,50,OP/00238,1,base.main_company,stock.warehouse0,stock.stock_location_stock,scenario.product_142087,62,124
scenario.orderpoint_142533,1,OP/00346,1,base.main_company,stock.warehouse0,stock.stock_location_stock,scenario.product_142533,83,110
scenario.orderpoint_142534,1,OP/00347,1,base.main_company,stock.warehouse0,stock.stock_location_stock,scenario.product_142534,46,87
scenario.orderpoint_142535,1,OP/00348,1,base.main_company,stock.warehouse0,stock.stock_location_stock,scenario.product_142535,694,1388
scenario.orderpoint_142017,1,OP/00214,1,base.main_company,stock.warehouse0,stock.stock_location_stock,scenario.product_142017,73,113
scenario.orderpoint_142020,1,OP/00215,1,base.main_company,stock.warehouse0,stock.stock_location_stock,scenario.product_142020,14,17
scenario.orderpoint_142021,60,OP/00216,1,base.main_company,stock.warehouse0,stock.stock_location_stock,scenario.product_142021,186,434
scenario.orderpoint_142022,1,OP/00217,1,base.main_company,stock.warehouse0,stock.stock_location_stock,scenario.product_142022,249,582
scenario.orderpoint_142023,1,OP/00218,1,base.main_company,stock.warehouse0,stock.stock_location_stock,scenario.product_142023,35,58
scenario.orderpoint_142544,100,OP/00350,1,base.main_company,stock.warehouse0,stock.stock_location_stock,scenario.product_142544,100,233
scenario.orderpoint_142545,100,OP/00351,1,base.main_company,stock.warehouse0,stock.stock_location_stock,scenario.product_142545,23,41
scenario.orderpoint_142871,1,OP/00424,1,base.main_company,stock.warehouse0,stock.stock_location_stock,scenario.product_142871,3,5
scenario.orderpoint_142546,1,OP/00352,1,base.main_company,stock.warehouse0,stock.stock_location_stock,scenario.product_142546,46,67
scenario.orderpoint_142547,1,OP/00353,1,base.main_company,stock.warehouse0,stock.stock_location_stock,scenario.product_142547,29,67
scenario.orderpoint_142550,1,OP/00354,1,base.main_company,stock.warehouse0,stock.stock_location_stock,scenario.product_142550,8,14
scenario.orderpoint_142551,1,OP/00355,1,base.main_company,stock.warehouse0,stock.stock_location_stock,scenario.product_142551,15,30
scenario.orderpoint_142553,1,OP/00357,1,base.main_company,stock.warehouse0,stock.stock_location_stock,scenario.product_142553,10,17
scenario.orderpoint_142554,1,OP/00358,1,base.main_company,stock.warehouse0,stock.stock_location_stock,scenario.product_142554,12,26
scenario.orderpoint_142562,1,OP/00359,1,base.main_company,stock.warehouse0,stock.stock_location_stock,scenario.product_142562,35,81
scenario.orderpoint_142563,1,OP/00360,1,base.main_company,stock.warehouse0,stock.stock_location_stock,scenario.product_142563,26,55
scenario.orderpoint_142564,1,OP/00361,1,base.main_company,stock.warehouse0,stock.stock_location_stock,scenario.product_142564,33,78
scenario.orderpoint_142568,1,OP/00362,1,base.main_company,stock.warehouse0,stock.stock_location_stock,scenario.product_142568,26,131
scenario.orderpoint_142570,1,OP/00363,1,base.main_company,stock.warehouse0,stock.stock_location_stock,scenario.product_142570,8,13
scenario.orderpoint_142571,1,OP/00364,1,base.main_company,stock.warehouse0,stock.stock_location_stock,scenario.product_142571,5,7
scenario.orderpoint_142376,1,OP/00303,1,base.main_company,stock.warehouse0,stock.stock_location_stock,scenario.product_142376,23,53
scenario.orderpoint_142378,1,OP/00304,1,base.main_company,stock.warehouse0,stock.stock_location_stock,scenario.product_142378,83,194
scenario.orderpoint_142572,1,OP/00365,1,base.main_company,stock.warehouse0,stock.stock_location_stock,scenario.product_142572,0,0
scenario.orderpoint_142584,1,OP/00366,1,base.main_company,stock.warehouse0,stock.stock_location_stock,scenario.product_142584,5,6
scenario.orderpoint_142585,1,OP/00367,1,base.main_company,stock.warehouse0,stock.stock_location_stock,scenario.product_142585,31,73
scenario.orderpoint_142586,1,OP/00368,1,base.main_company,stock.warehouse0,stock.stock_location_stock,scenario.product_142586,19,36
scenario.orderpoint_142587,1,OP/00369,1,base.main_company,stock.warehouse0,stock.stock_location_stock,scenario.product_142587,6,11
scenario.orderpoint_142588,1,OP/00370,1,base.main_company,stock.warehouse0,stock.stock_location_stock,scenario.product_142588,10,18
scenario.orderpoint_142589,1,OP/00371,1,base.main_company,stock.warehouse0,stock.stock_location_stock,scenario.product_142589,3,5
scenario.orderpoint_142590,1,OP/00372,1,base.main_company,stock.warehouse0,stock.stock_location_stock,scenario.product_142590,5,7
scenario.orderpoint_142596,1,OP/00373,1,base.main_company,stock.warehouse0,stock.stock_location_stock,scenario.product_142596,707,1336
scenario.orderpoint_142415,60,OP/00305,1,base.main_company,stock.warehouse0,stock.stock_location_stock,scenario.product_142415,271,632
scenario.orderpoint_142624,1,OP/00374,1,base.main_company,stock.warehouse0,stock.stock_location_stock,scenario.product_142624,2,3
scenario.orderpoint_142455,1,OP/00315,1,base.main_company,stock.warehouse0,stock.stock_location_stock,scenario.product_142455,111,148
scenario.orderpoint_142456,10,OP/00316,1,base.main_company,stock.warehouse0,stock.stock_location_stock,scenario.product_142456,48,107
scenario.orderpoint_142626,1,OP/00375,1,base.main_company,stock.warehouse0,stock.stock_location_stock,scenario.product_142626,1,2
scenario.orderpoint_142630,1,OP/00376,1,base.main_company,stock.warehouse0,stock.stock_location_stock,scenario.product_142630,42,94
scenario.orderpoint_142631,1,OP/00377,1,base.main_company,stock.warehouse0,stock.stock_location_stock,scenario.product_142631,48,144
scenario.orderpoint_142841,1,OP/00409,1,base.main_company,stock.warehouse0,stock.stock_location_stock,scenario.product_142841,766,1916
scenario.orderpoint_142851,1,OP/00412,1,base.main_company,stock.warehouse0,stock.stock_location_stock,scenario.product_142851,129,291
scenario.orderpoint_142852,1,OP/00413,1,base.main_company,stock.warehouse0,stock.stock_location_stock,scenario.product_142852,110,275
scenario.orderpoint_142853,1,OP/00414,1,base.main_company,stock.warehouse0,stock.stock_location_stock,scenario.product_142853,693,1905
scenario.orderpoint_142854,1,OP/00415,1,base.main_company,stock.warehouse0,stock.stock_location_stock,scenario.product_142854,759,2276
scenario.orderpoint_142855,1,OP/00416,1,base.main_company,stock.warehouse0,stock.stock_location_stock,scenario.product_142855,545,1770
scenario.orderpoint_142260,1,OP/00271,1,base.main_company,stock.warehouse0,stock.stock_location_stock,scenario.product_142260,,
scenario.orderpoint_142439,1,OP/00306,1,base.main_company,stock.warehouse0,stock.stock_location_stock,scenario.product_142439,79,184
scenario.orderpoint_142856,1,OP/00417,1,base.main_company,stock.warehouse0,stock.stock_location_stock,scenario.product_142856,104,234
scenario.orderpoint_142857,1,OP/00418,1,base.main_company,stock.warehouse0,stock.stock_location_stock,scenario.product_142857,913,2055
scenario.orderpoint_142865,1,OP/00421,1,base.main_company,stock.warehouse0,stock.stock_location_stock,scenario.product_142865,13,32
scenario.orderpoint_142869,1,OP/00422,1,base.main_company,stock.warehouse0,stock.stock_location_stock,scenario.product_142869,3,6
scenario.orderpoint_142870,1,OP/00423,1,base.main_company,stock.warehouse0,stock.stock_location_stock,scenario.product_142870,100,225
scenario.orderpoint_142881,1,OP/00425,1,base.main_company,stock.warehouse0,stock.stock_location_stock,scenario.product_142881,0,0
scenario.orderpoint_142890,1,OP/00428,1,base.main_company,stock.warehouse0,stock.stock_location_stock,scenario.product_142890,2,3
scenario.orderpoint_142891,1,OP/00429,1,base.main_company,stock.warehouse0,stock.stock_location_stock,scenario.product_142891,4,5
scenario.orderpoint_142892,1,OP/00430,1,base.main_company,stock.warehouse0,stock.stock_location_stock,scenario.product_142892,0,0
scenario.orderpoint_142893,1,OP/00431,1,base.main_company,stock.warehouse0,stock.stock_location_stock,scenario.product_142893,0,0
scenario.orderpoint_142894,1,OP/00432,1,base.main_company,stock.warehouse0,stock.stock_location_stock,scenario.product_142894,0,0
scenario.orderpoint_142896,1,OP/00433,1,base.main_company,stock.warehouse0,stock.stock_location_stock,scenario.product_142896,0,0
scenario.orderpoint_142898,1,OP/00434,1,base.main_company,stock.warehouse0,stock.stock_location_stock,scenario.product_142898,0,0
scenario.orderpoint_142899,1,OP/00435,1,base.main_company,stock.warehouse0,stock.stock_location_stock,scenario.product_142899,0,0
scenario.orderpoint_142900,1,OP/00436,1,base.main_company,stock.warehouse0,stock.stock_location_stock,scenario.product_142900,0,0
scenario.orderpoint_142901,1,OP/00437,1,base.main_company,stock.warehouse0,stock.stock_location_stock,scenario.product_142901,1,2
scenario.orderpoint_142902,1,OP/00438,1,base.main_company,stock.warehouse0,stock.stock_location_stock,scenario.product_142902,8,12
scenario.orderpoint_142903,1,OP/00439,1,base.main_company,stock.warehouse0,stock.stock_location_stock,scenario.product_142903,1506,1883
scenario.orderpoint_142905,1,OP/00440,1,base.main_company,stock.warehouse0,stock.stock_location_stock,scenario.product_142905,0,0
scenario.orderpoint_142906,1,OP/00441,1,base.main_company,stock.warehouse0,stock.stock_location_stock,scenario.product_142906,4,6
scenario.orderpoint_142907,1,OP/00442,1,base.main_company,stock.warehouse0,stock.stock_location_stock,scenario.product_142907,,
scenario.orderpoint_142908,1,OP/00443,1,base.main_company,stock.warehouse0,stock.stock_location_stock,scenario.product_142908,0,0
scenario.orderpoint_142912,1,OP/00444,1,base.main_company,stock.warehouse0,stock.stock_location_stock,scenario.product_142912,0,0
scenario.orderpoint_142913,1,OP/00445,1,base.main_company,stock.warehouse0,stock.stock_location_stock,scenario.product_142913,0,0
scenario.orderpoint_142914,1,OP/00446,1,base.main_company,stock.warehouse0,stock.stock_location_stock,scenario.product_142914,0,0
scenario.orderpoint_142915,1,OP/00447,1,base.main_company,stock.warehouse0,stock.stock_location_stock,scenario.product_142915,0,0
scenario.orderpoint_142916,1,OP/00448,1,base.main_company,stock.warehouse0,stock.stock_location_stock,scenario.product_142916,0,0
scenario.orderpoint_142917,1,OP/00449,1,base.main_company,stock.warehouse0,stock.stock_location_stock,scenario.product_142917,0,0
scenario.orderpoint_142918,1,OP/00450,1,base.main_company,stock.warehouse0,stock.stock_location_stock,scenario.product_142918,4,5
scenario.orderpoint_142920,1,OP/00451,1,base.main_company,stock.warehouse0,stock.stock_location_stock,scenario.product_142920,0,0
scenario.orderpoint_142921,1,OP/00452,1,base.main_company,stock.warehouse0,stock.stock_location_stock,scenario.product_142921,1500,2250
scenario.orderpoint_142440,1,OP/00307,1,base.main_company,stock.warehouse0,stock.stock_location_stock,scenario.product_142440,20,46
scenario.orderpoint_142442,64,OP/00308,1,base.main_company,stock.warehouse0,stock.stock_location_stock,scenario.product_142442,976,3904
scenario.orderpoint_142444,1,OP/00309,1,base.main_company,stock.warehouse0,stock.stock_location_stock,scenario.product_142444,257,429
scenario.orderpoint_142932,1,OP/00458,1,base.main_company,stock.warehouse0,stock.stock_location_stock,scenario.product_142932,1367,2392
scenario.orderpoint_142933,1,OP/00459,1,base.main_company,stock.warehouse0,stock.stock_location_stock,scenario.product_142933,66,99
scenario.orderpoint_142934,1,OP/00460,1,base.main_company,stock.warehouse0,stock.stock_location_stock,scenario.product_142934,0,0
scenario.orderpoint_142935,1,OP/00461,1,base.main_company,stock.warehouse0,stock.stock_location_stock,scenario.product_142935,2,3
scenario.orderpoint_142936,1,OP/00462,1,base.main_company,stock.warehouse0,stock.stock_location_stock,scenario.product_142936,1499,2249
scenario.orderpoint_142937,1,OP/00463,1,base.main_company,stock.warehouse0,stock.stock_location_stock,scenario.product_142937,,
scenario.orderpoint_142938,1,OP/00464,1,base.main_company,stock.warehouse0,stock.stock_location_stock,scenario.product_142938,,
scenario.orderpoint_142334,1,OP/00294,1,base.main_company,stock.warehouse0,stock.stock_location_stock,scenario.product_142334,44,126
scenario.orderpoint_142335,1,OP/00295,1,base.main_company,stock.warehouse0,stock.stock_location_stock,scenario.product_142335,44,126
scenario.orderpoint_142482,1,OP/00323,1,base.main_company,stock.warehouse0,stock.stock_location_stock,scenario.product_142482,,
scenario.orderpoint_142552,1,OP/00356,1,base.main_company,stock.warehouse0,stock.stock_location_stock,scenario.product_142552,6,12
scenario.orderpoint_142694,1,OP/00382,1,base.main_company,stock.warehouse0,stock.stock_location_stock,scenario.product_142694,750,1125
scenario.orderpoint_142698,1,OP/00383,1,base.main_company,stock.warehouse0,stock.stock_location_stock,scenario.product_142698,0,0
scenario.orderpoint_142710,1,OP/00384,1,base.main_company,stock.warehouse0,stock.stock_location_stock,scenario.product_142710,200,550
scenario.orderpoint_142711,1,OP/00385,1,base.main_company,stock.warehouse0,stock.stock_location_stock,scenario.product_142711,64,128
scenario.orderpoint_142712,1,OP/00386,1,base.main_company,stock.warehouse0,stock.stock_location_stock,scenario.product_142712,20,45
scenario.orderpoint_142713,1,OP/00387,1,base.main_company,stock.warehouse0,stock.stock_location_stock,scenario.product_142713,0,0
scenario.orderpoint_142714,1,OP/00388,1,base.main_company,stock.warehouse0,stock.stock_location_stock,scenario.product_142714,3,8
scenario.orderpoint_142715,1,OP/00389,1,base.main_company,stock.warehouse0,stock.stock_location_stock,scenario.product_142715,3,6
scenario.orderpoint_142716,1,OP/00390,1,base.main_company,stock.warehouse0,stock.stock_location_stock,scenario.product_142716,1,2
scenario.orderpoint_142733,1,OP/00391,1,base.main_company,stock.warehouse0,stock.stock_location_stock,scenario.product_142733,75,224
scenario.orderpoint_142734,1,OP/00392,1,base.main_company,stock.warehouse0,stock.stock_location_stock,scenario.product_142734,12,36
scenario.orderpoint_142736,1,OP/00393,1,base.main_company,stock.warehouse0,stock.stock_location_stock,scenario.product_142736,,
scenario.orderpoint_142740,1,OP/00394,1,base.main_company,stock.warehouse0,stock.stock_location_stock,scenario.product_142740,1,2
scenario.orderpoint_142743,1,OP/00395,1,base.main_company,stock.warehouse0,stock.stock_location_stock,scenario.product_142743,8,16
scenario.orderpoint_142744,1,OP/00396,1,base.main_company,stock.warehouse0,stock.stock_location_stock,scenario.product_142744,15,29
scenario.orderpoint_142747,1,OP/00397,1,base.main_company,stock.warehouse0,stock.stock_location_stock,scenario.product_142747,0,0
scenario.orderpoint_142748,1,OP/00398,1,base.main_company,stock.warehouse0,stock.stock_location_stock,scenario.product_142748,44,87
scenario.orderpoint_142815,1,OP/00399,1,base.main_company,stock.warehouse0,stock.stock_location_stock,scenario.product_142815,0,0
scenario.orderpoint_142819,1,OP/00400,1,base.main_company,stock.warehouse0,stock.stock_location_stock,scenario.product_142819,0,0
scenario.orderpoint_142831,1,OP/00401,1,base.main_company,stock.warehouse0,stock.stock_location_stock,scenario.product_142831,8,10
scenario.orderpoint_142832,1,OP/00402,1,base.main_company,stock.warehouse0,stock.stock_location_stock,scenario.product_142832,,
scenario.orderpoint_142834,1,OP/00403,1,base.main_company,stock.warehouse0,stock.stock_location_stock,scenario.product_142834,9,17
scenario.orderpoint_142835,1,OP/00404,1,base.main_company,stock.warehouse0,stock.stock_location_stock,scenario.product_142835,51,77
scenario.orderpoint_142836,1,OP/00405,1,base.main_company,stock.warehouse0,stock.stock_location_stock,scenario.product_142836,6,11
scenario.orderpoint_142837,1,OP/00406,1,base.main_company,stock.warehouse0,stock.stock_location_stock,scenario.product_142837,2,4
scenario.orderpoint_142838,1,OP/00407,1,base.main_company,stock.warehouse0,stock.stock_location_stock,scenario.product_142838,2,4
scenario.orderpoint_142839,1,OP/00408,1,base.main_company,stock.warehouse0,stock.stock_location_stock,scenario.product_142839,26,52
scenario.orderpoint_142847,1,OP/00410,1,base.main_company,stock.warehouse0,stock.stock_location_stock,scenario.product_142847,34,101
scenario.orderpoint_142848,1,OP/00411,1,base.main_company,stock.warehouse0,stock.stock_location_stock,scenario.product_142848,30,82
scenario.orderpoint_142888,1,OP/00426,1,base.main_company,stock.warehouse0,stock.stock_location_stock,scenario.product_142888,500,625
scenario.orderpoint_142889,1,OP/00427,1,base.main_company,stock.warehouse0,stock.stock_location_stock,scenario.product_142889,0,0
scenario.orderpoint_142863,1,OP/00419,1,base.main_company,stock.warehouse0,stock.stock_location_stock,scenario.product_142863,20,50
scenario.orderpoint_142864,1,OP/00420,1,base.main_company,stock.warehouse0,stock.stock_location_stock,scenario.product_142864,20,50
scenario.orderpoint_142928,1,OP/00455,1,base.main_company,stock.warehouse0,stock.stock_location_stock,scenario.product_142928,38,57
scenario.orderpoint_142929,1,OP/00456,1,base.main_company,stock.warehouse0,stock.stock_location_stock,scenario.product_142929,5,8
scenario.orderpoint_142930,1,OP/00457,1,base.main_company,stock.warehouse0,stock.stock_location_stock,scenario.product_142930,0,0
scenario.orderpoint_142926,1,OP/00453,1,base.main_company,stock.warehouse0,stock.stock_location_stock,scenario.product_142926,48,60
scenario.orderpoint_142927,1,OP/00454,1,base.main_company,stock.warehouse0,stock.stock_location_stock,scenario.product_142927,24,30
scenario.orderpoint_142939,1,OP/00465,1,base.main_company,stock.warehouse0,stock.stock_location_stock,scenario.product_142939,,
